inputs_as_bytes,gswitch_recv_rate,distribution_trace_base_dir,tor_inbuffer_size,scattercast,tor_send_rate,latency,gswitch_inbuffer_size,horovod,num_gswitches,use_multicast,json,in_network_computation,fwd_pass_time,worker_send_rate,worker_inbuffer_size,step_num,num_ps,real_distribution,striping,worker_recv_rate,num_workers,worker_receive_time,iteration_time,MTU,latency_std,ps_send_rate,on_same_rack,topology,fat_tree,verbosity,gswitch_send_rate,tor_recv_rate,ps_inbuffer_size,gradient_size,trace_base_dir,timeout,ps_recv_rate,latency_distribution,model_name,optimal_param_distribution
0,10.0,distribution_csv/resnet-101/,-1,0,100.0,1e-05,-1,1,4,0,json/resnet-101_param_ps_assignment.json,0,0.176,10,-1,41,0,0,1,10,8,[],0.5331799040002502,120000.0,0.0002,10,1,,1,0,10.0,100.0,-1,0.0,csv/resnet-101/,3000.0,10,none,resnet-101,0
0,10.0,distribution_csv/resnet-101/,-1,0,100.0,1e-05,-1,1,4,0,json/resnet-101_param_ps_assignment.json,0,0.176,10,-1,41,0,0,1,10,16,[],0.5705918783999949,120000.0,0.0002,10,1,,1,0,10.0,100.0,-1,0.0,csv/resnet-101/,3000.0,10,none,resnet-101,0
0,10.0,distribution_csv/resnet-101/,-1,0,100.0,1e-05,-1,1,4,0,json/resnet-101_param_ps_assignment.json,0,0.176,25,-1,41,0,0,1,25,8,[],0.3902423552005669,120000.0,0.0002,25,1,,1,0,10.0,100.0,-1,0.0,csv/resnet-101/,3000.0,25,none,resnet-101,0
0,10.0,distribution_csv/resnet-101/,-1,0,100.0,1e-05,-1,1,4,0,json/resnet-101_param_ps_assignment.json,0,0.176,10,-1,41,0,0,1,10,32,[],0.8084109184005194,120000.0,0.0002,10,1,,1,0,10.0,100.0,-1,0.0,csv/resnet-101/,3000.0,10,none,resnet-101,0
0,10.0,distribution_csv/resnet-101/,-1,0,100.0,1e-05,-1,1,4,0,json/resnet-101_param_ps_assignment.json,0,0.176,25,-1,41,0,0,1,25,16,[],0.584504095999998,120000.0,0.0002,25,1,,1,0,10.0,100.0,-1,0.0,csv/resnet-101/,3000.0,25,none,resnet-101,0
0,10.0,distribution_csv/resnet-101/,-1,0,100.0,1e-05,-1,1,4,1,json/resnet-101_param_ps_assignment.json,0,0.176,10,-1,41,0,0,1,10,8,[],0.5240583744002465,120000.0,0.0002,10,1,,1,0,10.0,100.0,-1,0.0,csv/resnet-101/,3000.0,10,none,resnet-101,0
0,10.0,distribution_csv/resnet-101/,-1,0,100.0,1e-05,-1,1,4,0,json/resnet-101_param_ps_assignment.json,0,0.176,50,-1,41,0,0,1,50,8,[],0.3813043340800007,120000.0,0.0002,50,1,,1,0,10.0,100.0,-1,0.0,csv/resnet-101/,3000.0,50,none,resnet-101,0
0,10.0,distribution_csv/resnet-101/,-1,0,100.0,1e-05,-1,1,4,1,json/resnet-101_param_ps_assignment.json,0,0.176,10,-1,41,0,0,1,10,16,[],0.5749936895999995,120000.0,0.0002,10,1,,1,0,10.0,100.0,-1,0.0,csv/resnet-101/,3000.0,10,none,resnet-101,0
0,10.0,distribution_csv/resnet-101/,-1,0,100.0,1e-05,-1,1,4,0,json/resnet-101_param_ps_assignment.json,0,0.176,50,-1,41,0,0,1,50,16,[],0.5836821068799949,120000.0,0.0002,50,1,,1,0,10.0,100.0,-1,0.0,csv/resnet-101/,3000.0,50,none,resnet-101,0
0,10.0,distribution_csv/resnet-101/,-1,0,100.0,1e-05,-1,1,4,0,json/resnet-101_param_ps_assignment.json,0,0.176,100,-1,41,0,0,1,100,8,[],0.38126216703999954,120000.0,0.0002,100,1,,1,0,10.0,100.0,-1,0.0,csv/resnet-101/,3000.0,100,none,resnet-101,0
0,10.0,distribution_csv/resnet-101/,-1,0,100.0,1e-05,-1,1,4,0,json/resnet-101_param_ps_assignment.json,0,0.176,25,-1,41,0,0,1,25,32,[],0.6168811110402551,120000.0,0.0002,25,1,,1,0,10.0,100.0,-1,0.0,csv/resnet-101/,3000.0,25,none,resnet-101,0
0,10.0,distribution_csv/resnet-101/,-1,0,100.0,1e-05,-1,1,4,1,json/resnet-101_param_ps_assignment.json,0,0.176,10,-1,41,0,0,1,10,32,[],0.6497100992003267,120000.0,0.0002,10,1,,1,0,10.0,100.0,-1,0.0,csv/resnet-101/,3000.0,10,none,resnet-101,0
0,10.0,distribution_csv/resnet-101/,-1,0,100.0,1e-05,-1,1,4,0,json/resnet-101_param_ps_assignment.json,0,0.176,100,-1,41,0,0,1,100,16,[],0.588601228799999,120000.0,0.0002,100,1,,1,0,10.0,100.0,-1,0.0,csv/resnet-101/,3000.0,100,none,resnet-101,0
0,10.0,distribution_csv/resnet-101/,-1,0,100.0,1e-05,-1,1,4,1,json/resnet-101_param_ps_assignment.json,0,0.176,25,-1,41,0,0,1,25,8,[],0.37940842240052886,120000.0,0.0002,25,1,,1,0,10.0,100.0,-1,0.0,csv/resnet-101/,3000.0,25,none,resnet-101,0
0,10.0,distribution_csv/resnet-101/,-1,0,100.0,1e-05,-1,1,4,0,json/resnet-101_param_ps_assignment.json,0,0.176,10,-1,42,0,0,1,10,8,[],0.5652449151999979,120000.0,0.0002,10,1,,1,0,10.0,100.0,-1,0.0,csv/resnet-101/,3000.0,10,none,resnet-101,0
0,10.0,distribution_csv/resnet-101/,-1,0,100.0,1e-05,-1,1,4,0,json/resnet-101_param_ps_assignment.json,0,0.176,50,-1,41,0,0,1,50,32,[],0.6200789708800222,120000.0,0.0002,50,1,,1,0,10.0,100.0,-1,0.0,csv/resnet-101/,3000.0,50,none,resnet-101,0
0,10.0,distribution_csv/resnet-101/,-1,0,100.0,1e-05,-1,1,4,1,json/resnet-101_param_ps_assignment.json,0,0.176,50,-1,41,0,0,1,50,8,[],0.37510040960000013,120000.0,0.0002,50,1,,1,0,10.0,100.0,-1,0.0,csv/resnet-101/,3000.0,50,none,resnet-101,0
0,10.0,distribution_csv/resnet-101/,-1,0,100.0,1e-05,-1,1,4,1,json/resnet-101_param_ps_assignment.json,0,0.176,25,-1,41,0,0,1,25,16,[],0.55840534656,120000.0,0.0002,25,1,,1,0,10.0,100.0,-1,0.0,csv/resnet-101/,3000.0,25,none,resnet-101,0
0,10.0,distribution_csv/resnet-101/,-1,0,100.0,1e-05,-1,1,4,0,json/resnet-101_param_ps_assignment.json,0,0.176,10,-1,42,0,0,1,10,16,[],0.5803911136003267,120000.0,0.0002,10,1,,1,0,10.0,100.0,-1,0.0,csv/resnet-101/,3000.0,10,none,resnet-101,0
0,10.0,distribution_csv/resnet-101/,-1,0,100.0,1e-05,-1,1,4,1,json/resnet-101_param_ps_assignment.json,0,0.176,50,-1,41,0,0,1,50,16,[],0.5703126732799976,120000.0,0.0002,50,1,,1,0,10.0,100.0,-1,0.0,csv/resnet-101/,3000.0,50,none,resnet-101,0
0,10.0,distribution_csv/resnet-101/,-1,0,100.0,1e-05,-1,1,4,0,json/resnet-101_param_ps_assignment.json,0,0.176,100,-1,41,0,0,1,100,32,[],0.6143956646399954,120000.0,0.0002,100,1,,1,0,10.0,100.0,-1,0.0,csv/resnet-101/,3000.0,100,none,resnet-101,0
0,10.0,distribution_csv/resnet-101/,-1,0,100.0,1e-05,-1,1,4,1,json/resnet-101_param_ps_assignment.json,0,0.176,100,-1,41,0,0,1,100,8,[],0.3751169036799998,120000.0,0.0002,100,1,,1,0,10.0,100.0,-1,0.0,csv/resnet-101/,3000.0,100,none,resnet-101,0
0,10.0,distribution_csv/resnet-101/,-1,0,100.0,1e-05,-1,1,4,1,json/resnet-101_param_ps_assignment.json,0,0.176,100,-1,41,0,0,1,100,16,[],0.5682805939199996,120000.0,0.0002,100,1,,1,0,10.0,100.0,-1,0.0,csv/resnet-101/,3000.0,100,none,resnet-101,0
0,10.0,distribution_csv/resnet-101/,-1,0,100.0,1e-05,-1,1,4,1,json/resnet-101_param_ps_assignment.json,0,0.176,50,-1,41,0,0,1,50,32,[],0.583607095039995,120000.0,0.0002,50,1,,1,0,10.0,100.0,-1,0.0,csv/resnet-101/,3000.0,50,none,resnet-101,0
0,10.0,distribution_csv/resnet-101/,-1,0,100.0,1e-05,-1,1,4,0,json/resnet-101_param_ps_assignment.json,0,0.176,10,-1,42,0,0,1,10,32,[],0.8223123008005301,120000.0,0.0002,10,1,,1,0,10.0,100.0,-1,0.0,csv/resnet-101/,3000.0,10,none,resnet-101,0
0,10.0,distribution_csv/resnet-101/,-1,0,100.0,1e-05,-1,1,4,1,json/resnet-101_param_ps_assignment.json,0,0.176,25,-1,41,0,0,1,25,32,[],0.59114210944,120000.0,0.0002,25,1,,1,0,10.0,100.0,-1,0.0,csv/resnet-101/,3000.0,25,none,resnet-101,0
0,10.0,distribution_csv/resnet-101/,-1,0,100.0,1e-05,-1,1,4,0,json/resnet-101_param_ps_assignment.json,0,0.176,50,-1,42,0,0,1,50,8,[],0.5652409830399976,120000.0,0.0002,50,1,,1,0,10.0,100.0,-1,0.0,csv/resnet-101/,3000.0,50,none,resnet-101,0
0,10.0,distribution_csv/resnet-101/,-1,0,100.0,1e-05,-1,1,4,1,json/resnet-101_param_ps_assignment.json,0,0.176,10,-1,42,0,0,1,10,8,[],0.5593311423999996,120000.0,0.0002,10,1,,1,0,10.0,100.0,-1,0.0,csv/resnet-101/,3000.0,10,none,resnet-101,0
0,10.0,distribution_csv/resnet-101/,-1,0,100.0,1e-05,-1,1,4,0,json/resnet-101_param_ps_assignment.json,0,0.176,25,-1,42,0,0,1,25,8,[],0.5654255103999999,120000.0,0.0002,25,1,,1,0,10.0,100.0,-1,0.0,csv/resnet-101/,3000.0,25,none,resnet-101,0
0,10.0,distribution_csv/resnet-101/,-1,0,100.0,1e-05,-1,1,4,1,json/resnet-101_param_ps_assignment.json,0,0.176,10,-1,42,0,0,1,10,16,[],0.5472653247999978,120000.0,0.0002,10,1,,1,0,10.0,100.0,-1,0.0,csv/resnet-101/,3000.0,10,none,resnet-101,0
0,10.0,distribution_csv/resnet-101/,-1,0,100.0,1e-05,-1,1,4,0,json/resnet-101_param_ps_assignment.json,0,0.176,50,-1,42,0,0,1,50,16,[],0.5828242534399938,120000.0,0.0002,50,1,,1,0,10.0,100.0,-1,0.0,csv/resnet-101/,3000.0,50,none,resnet-101,0
0,10.0,distribution_csv/resnet-101/,-1,0,100.0,1e-05,-1,1,4,1,json/resnet-101_param_ps_assignment.json,0,0.176,100,-1,41,0,0,1,100,32,[],0.5836978323199977,120000.0,0.0002,100,1,,1,0,10.0,100.0,-1,0.0,csv/resnet-101/,3000.0,100,none,resnet-101,0
0,10.0,distribution_csv/resnet-101/,-1,0,100.0,1e-05,-1,1,4,0,json/resnet-101_param_ps_assignment.json,0,0.176,100,-1,42,0,0,1,100,8,[],0.5652404915199996,120000.0,0.0002,100,1,,1,0,10.0,100.0,-1,0.0,csv/resnet-101/,3000.0,100,none,resnet-101,0
0,10.0,distribution_csv/resnet-101/,-1,0,100.0,1e-05,-1,1,4,0,json/resnet-101_param_ps_assignment.json,0,0.176,25,-1,42,0,0,1,25,16,[],0.5581052672000001,120000.0,0.0002,25,1,,1,0,10.0,100.0,-1,0.0,csv/resnet-101/,3000.0,25,none,resnet-101,0
0,10.0,distribution_csv/resnet-101/,-1,0,100.0,1e-05,-1,1,4,0,json/resnet-101_param_ps_assignment.json,0,0.176,100,-1,42,0,0,1,100,16,[],0.5827263168000004,120000.0,0.0002,100,1,,1,0,10.0,100.0,-1,0.0,csv/resnet-101/,3000.0,100,none,resnet-101,0
0,10.0,distribution_csv/resnet-101/,-1,0,100.0,1e-05,-1,1,4,1,json/resnet-101_param_ps_assignment.json,0,0.176,10,-1,42,0,0,1,10,32,[],0.6626523520004214,120000.0,0.0002,10,1,,1,0,10.0,100.0,-1,0.0,csv/resnet-101/,3000.0,10,none,resnet-101,0
0,10.0,distribution_csv/resnet-101/,-1,0,100.0,1e-05,-1,1,4,0,json/resnet-101_param_ps_assignment.json,0,0.176,50,-1,42,0,0,1,50,32,[],0.6118407820797863,120000.0,0.0002,50,1,,1,0,10.0,100.0,-1,0.0,csv/resnet-101/,3000.0,50,none,resnet-101,0
0,10.0,distribution_csv/resnet-101/,-1,0,100.0,1e-05,-1,1,4,0,json/resnet-101_param_ps_assignment.json,0,0.176,10,-1,43,0,0,1,10,8,[],0.47518896000024924,120000.0,0.0002,10,1,,1,0,10.0,100.0,-1,0.0,csv/resnet-101/,3000.0,10,none,resnet-101,0
0,10.0,distribution_csv/resnet-101/,-1,0,100.0,1e-05,-1,1,4,1,json/resnet-101_param_ps_assignment.json,0,0.176,50,-1,42,0,0,1,50,8,[],0.5591622284799986,120000.0,0.0002,50,1,,1,0,10.0,100.0,-1,0.0,csv/resnet-101/,3000.0,50,none,resnet-101,0
0,10.0,distribution_csv/resnet-101/,-1,0,100.0,1e-05,-1,1,4,0,json/resnet-101_param_ps_assignment.json,0,0.176,10,-1,43,0,0,1,10,16,[],0.5873223968002917,120000.0,0.0002,10,1,,1,0,10.0,100.0,-1,0.0,csv/resnet-101/,3000.0,10,none,resnet-101,0
0,10.0,distribution_csv/resnet-101/,-1,0,100.0,1e-05,-1,1,4,0,json/resnet-101_param_ps_assignment.json,0,0.176,100,-1,42,0,0,1,100,32,[],0.6144151276800005,120000.0,0.0002,100,1,,1,0,10.0,100.0,-1,0.0,csv/resnet-101/,3000.0,100,none,resnet-101,0
0,10.0,distribution_csv/resnet-101/,-1,0,100.0,1e-05,-1,1,4,1,json/resnet-101_param_ps_assignment.json,0,0.176,50,-1,42,0,0,1,50,16,[],0.5683513049599969,120000.0,0.0002,50,1,,1,0,10.0,100.0,-1,0.0,csv/resnet-101/,3000.0,50,none,resnet-101,0
0,10.0,distribution_csv/resnet-101/,-1,0,100.0,1e-05,-1,1,4,1,json/resnet-101_param_ps_assignment.json,0,0.176,100,-1,42,0,0,1,100,8,[],0.55914111424,120000.0,0.0002,100,1,,1,0,10.0,100.0,-1,0.0,csv/resnet-101/,3000.0,100,none,resnet-101,0
0,10.0,distribution_csv/resnet-101/,-1,0,100.0,1e-05,-1,1,4,0,json/resnet-101_param_ps_assignment.json,0,0.176,25,-1,42,0,0,1,25,32,[],0.6132098303999953,120000.0,0.0002,25,1,,1,0,10.0,100.0,-1,0.0,csv/resnet-101/,3000.0,25,none,resnet-101,0
0,10.0,distribution_csv/resnet-101/,-1,0,100.0,1e-05,-1,1,4,1,json/resnet-101_param_ps_assignment.json,0,0.176,25,-1,42,0,0,1,25,8,[],0.5592044569599999,120000.0,0.0002,25,1,,1,0,10.0,100.0,-1,0.0,csv/resnet-101/,3000.0,25,none,resnet-101,0
0,10.0,distribution_csv/resnet-101/,-1,0,100.0,1e-05,-1,1,4,1,json/resnet-101_param_ps_assignment.json,0,0.176,100,-1,42,0,0,1,100,16,[],0.5433631584000003,120000.0,0.0002,100,1,,1,0,10.0,100.0,-1,0.0,csv/resnet-101/,3000.0,100,none,resnet-101,0
0,10.0,distribution_csv/resnet-101/,-1,0,100.0,1e-05,-1,1,4,1,json/resnet-101_param_ps_assignment.json,0,0.176,50,-1,42,0,0,1,50,32,[],0.5849094758399932,120000.0,0.0002,50,1,,1,0,10.0,100.0,-1,0.0,csv/resnet-101/,3000.0,50,none,resnet-101,0
0,10.0,distribution_csv/resnet-101/,-1,0,100.0,1e-05,-1,1,4,0,json/resnet-101_param_ps_assignment.json,0,0.176,10,-1,43,0,0,1,10,32,[],0.8024767616005258,120000.0,0.0002,10,1,,1,0,10.0,100.0,-1,0.0,csv/resnet-101/,3000.0,10,none,resnet-101,0
0,10.0,distribution_csv/resnet-101/,-1,0,100.0,1e-05,-1,1,4,1,json/resnet-101_param_ps_assignment.json,0,0.176,10,-1,43,0,0,1,10,8,[],0.4713050688002502,120000.0,0.0002,10,1,,1,0,10.0,100.0,-1,0.0,csv/resnet-101/,3000.0,10,none,resnet-101,0
0,10.0,distribution_csv/resnet-101/,-1,0,100.0,1e-05,-1,1,4,1,json/resnet-101_param_ps_assignment.json,0,0.176,25,-1,42,0,0,1,25,16,[],0.4833684224000011,120000.0,0.0002,25,1,,1,0,10.0,100.0,-1,0.0,csv/resnet-101/,3000.0,25,none,resnet-101,0
0,10.0,distribution_csv/resnet-101/,-1,0,100.0,1e-05,-1,1,4,0,json/resnet-101_param_ps_assignment.json,0,0.176,50,-1,43,0,0,1,50,8,[],0.3342611059200003,120000.0,0.0002,50,1,,1,0,10.0,100.0,-1,0.0,csv/resnet-101/,3000.0,50,none,resnet-101,0
0,10.0,distribution_csv/resnet-101/,-1,0,100.0,1e-05,-1,1,4,1,json/resnet-101_param_ps_assignment.json,0,0.176,100,-1,42,0,0,1,100,32,[],0.584621269759999,120000.0,0.0002,100,1,,1,0,10.0,100.0,-1,0.0,csv/resnet-101/,3000.0,100,none,resnet-101,0
0,10.0,distribution_csv/resnet-101/,-1,0,100.0,1e-05,-1,1,4,1,json/resnet-101_param_ps_assignment.json,0,0.176,10,-1,43,0,0,1,10,16,[],0.5093265535999986,120000.0,0.0002,10,1,,1,0,10.0,100.0,-1,0.0,csv/resnet-101/,3000.0,10,none,resnet-101,0
0,10.0,distribution_csv/resnet-101/,-1,0,100.0,1e-05,-1,1,4,0,json/resnet-101_param_ps_assignment.json,0,0.176,50,-1,43,0,0,1,50,16,[],0.5787957913599941,120000.0,0.0002,50,1,,1,0,10.0,100.0,-1,0.0,csv/resnet-101/,3000.0,50,none,resnet-101,0
0,10.0,distribution_csv/resnet-101/,-1,0,100.0,1e-05,-1,1,4,0,json/resnet-101_param_ps_assignment.json,0,0.176,100,-1,43,0,0,1,100,8,[],0.33426053247999954,120000.0,0.0002,100,1,,1,0,10.0,100.0,-1,0.0,csv/resnet-101/,3000.0,100,none,resnet-101,0
0,10.0,distribution_csv/resnet-101/,-1,0,100.0,1e-05,-1,1,4,0,json/resnet-101_param_ps_assignment.json,0,0.176,100,-1,43,0,0,1,100,16,[],0.48154110591999916,120000.0,0.0002,100,1,,1,0,10.0,100.0,-1,0.0,csv/resnet-101/,3000.0,100,none,resnet-101,0
0,10.0,distribution_csv/resnet-101/,-1,0,100.0,1e-05,-1,1,4,1,json/resnet-101_param_ps_assignment.json,0,0.176,10,-1,43,0,0,1,10,32,[],0.6212637920003691,120000.0,0.0002,10,1,,1,0,10.0,100.0,-1,0.0,csv/resnet-101/,3000.0,10,none,resnet-101,0
0,10.0,distribution_csv/resnet-101/,-1,0,100.0,1e-05,-1,1,4,1,json/resnet-101_param_ps_assignment.json,0,0.176,25,-1,42,0,0,1,25,32,[],0.5779613721599991,120000.0,0.0002,25,1,,1,0,10.0,100.0,-1,0.0,csv/resnet-101/,3000.0,25,none,resnet-101,0
0,10.0,distribution_csv/resnet-101/,-1,0,100.0,1e-05,-1,1,4,0,json/resnet-101_param_ps_assignment.json,0,0.176,10,-1,44,0,0,1,10,8,[],0.5636831615999998,120000.0,0.0002,10,1,,1,0,10.0,100.0,-1,0.0,csv/resnet-101/,3000.0,10,none,resnet-101,0
0,10.0,distribution_csv/resnet-101/,-1,0,100.0,1e-05,-1,1,4,0,json/resnet-101_param_ps_assignment.json,0,0.176,50,-1,43,0,0,1,50,32,[],0.607225038079988,120000.0,0.0002,50,1,,1,0,10.0,100.0,-1,0.0,csv/resnet-101/,3000.0,50,none,resnet-101,0
0,10.0,distribution_csv/resnet-101/,-1,0,100.0,1e-05,-1,1,4,0,json/resnet-101_param_ps_assignment.json,0,0.176,25,-1,43,0,0,1,25,8,[],0.3346263116803847,120000.0,0.0002,25,1,,1,0,10.0,100.0,-1,0.0,csv/resnet-101/,3000.0,25,none,resnet-101,0
0,10.0,distribution_csv/resnet-101/,-1,0,100.0,1e-05,-1,1,4,1,json/resnet-101_param_ps_assignment.json,0,0.176,50,-1,43,0,0,1,50,8,[],0.32814061440000014,120000.0,0.0002,50,1,,1,0,10.0,100.0,-1,0.0,csv/resnet-101/,3000.0,50,none,resnet-101,0
0,10.0,distribution_csv/resnet-101/,-1,0,100.0,1e-05,-1,1,4,0,json/resnet-101_param_ps_assignment.json,0,0.176,10,-1,44,0,0,1,10,16,[],0.5938012671999991,120000.0,0.0002,10,1,,1,0,10.0,100.0,-1,0.0,csv/resnet-101/,3000.0,10,none,resnet-101,0
0,10.0,distribution_csv/resnet-101/,-1,0,100.0,1e-05,-1,1,4,0,json/resnet-101_param_ps_assignment.json,0,0.176,25,-1,43,0,0,1,25,16,[],0.5575645875199977,120000.0,0.0002,25,1,,1,0,10.0,100.0,-1,0.0,csv/resnet-101/,3000.0,25,none,resnet-101,0
0,10.0,distribution_csv/resnet-101/,-1,0,100.0,1e-05,-1,1,4,0,json/resnet-101_param_ps_assignment.json,0,0.176,100,-1,43,0,0,1,100,32,[],0.605182416639998,120000.0,0.0002,100,1,,1,0,10.0,100.0,-1,0.0,csv/resnet-101/,3000.0,100,none,resnet-101,0
0,10.0,distribution_csv/resnet-101/,-1,0,100.0,1e-05,-1,1,4,1,json/resnet-101_param_ps_assignment.json,0,0.176,50,-1,43,0,0,1,50,16,[],0.5094263167999982,120000.0,0.0002,50,1,,1,0,10.0,100.0,-1,0.0,csv/resnet-101/,3000.0,50,none,resnet-101,0
0,10.0,distribution_csv/resnet-101/,-1,0,100.0,1e-05,-1,1,4,1,json/resnet-101_param_ps_assignment.json,0,0.176,100,-1,43,0,0,1,100,8,[],0.32814028671999973,120000.0,0.0002,100,1,,1,0,10.0,100.0,-1,0.0,csv/resnet-101/,3000.0,100,none,resnet-101,0
0,10.0,distribution_csv/resnet-101/,-1,0,100.0,1e-05,-1,1,4,1,json/resnet-101_param_ps_assignment.json,0,0.176,100,-1,43,0,0,1,100,16,[],0.41336315839999943,120000.0,0.0002,100,1,,1,0,10.0,100.0,-1,0.0,csv/resnet-101/,3000.0,100,none,resnet-101,0
0,10.0,distribution_csv/resnet-101/,-1,0,100.0,1e-05,-1,1,4,1,json/resnet-101_param_ps_assignment.json,0,0.176,50,-1,43,0,0,1,50,32,[],0.555602498559994,120000.0,0.0002,50,1,,1,0,10.0,100.0,-1,0.0,csv/resnet-101/,3000.0,50,none,resnet-101,0
0,10.0,distribution_csv/resnet-101/,-1,0,100.0,1e-05,-1,1,4,0,json/resnet-101_param_ps_assignment.json,0,0.176,10,-1,44,0,0,1,10,32,[],0.8189081984005326,120000.0,0.0002,10,1,,1,0,10.0,100.0,-1,0.0,csv/resnet-101/,3000.0,10,none,resnet-101,0
0,10.0,distribution_csv/resnet-101/,-1,0,100.0,1e-05,-1,1,4,0,json/resnet-101_param_ps_assignment.json,0,0.176,50,-1,44,0,0,1,50,8,[],0.5633126323199977,120000.0,0.0002,50,1,,1,0,10.0,100.0,-1,0.0,csv/resnet-101/,3000.0,50,none,resnet-101,0
0,10.0,distribution_csv/resnet-101/,-1,0,100.0,1e-05,-1,1,4,1,json/resnet-101_param_ps_assignment.json,0,0.176,10,-1,44,0,0,1,10,8,[],0.5573105279999999,120000.0,0.0002,10,1,,1,0,10.0,100.0,-1,0.0,csv/resnet-101/,3000.0,10,none,resnet-101,0
0,10.0,distribution_csv/resnet-101/,-1,0,100.0,1e-05,-1,1,4,1,json/resnet-101_param_ps_assignment.json,0,0.176,100,-1,43,0,0,1,100,32,[],0.5195811878399991,120000.0,0.0002,100,1,,1,0,10.0,100.0,-1,0.0,csv/resnet-101/,3000.0,100,none,resnet-101,0
0,10.0,distribution_csv/resnet-101/,-1,0,100.0,1e-05,-1,1,4,0,json/resnet-101_param_ps_assignment.json,0,0.176,25,-1,43,0,0,1,25,32,[],0.6058394572799994,120000.0,0.0002,25,1,,1,0,10.0,100.0,-1,0.0,csv/resnet-101/,3000.0,25,none,resnet-101,0
0,10.0,distribution_csv/resnet-101/,-1,0,100.0,1e-05,-1,1,4,1,json/resnet-101_param_ps_assignment.json,0,0.176,10,-1,44,0,0,1,10,16,[],0.5757452671999996,120000.0,0.0002,10,1,,1,0,10.0,100.0,-1,0.0,csv/resnet-101/,3000.0,10,none,resnet-101,0
0,10.0,distribution_csv/resnet-101/,-1,0,100.0,1e-05,-1,1,4,0,json/resnet-101_param_ps_assignment.json,0,0.176,100,-1,44,0,0,1,100,8,[],0.5632663161600002,120000.0,0.0002,100,1,,1,0,10.0,100.0,-1,0.0,csv/resnet-101/,3000.0,100,none,resnet-101,0
0,10.0,distribution_csv/resnet-101/,-1,0,100.0,1e-05,-1,1,4,0,json/resnet-101_param_ps_assignment.json,0,0.176,50,-1,44,0,0,1,50,16,[],0.5847389491199946,120000.0,0.0002,50,1,,1,0,10.0,100.0,-1,0.0,csv/resnet-101/,3000.0,50,none,resnet-101,0
0,10.0,distribution_csv/resnet-101/,-1,0,100.0,1e-05,-1,1,4,1,json/resnet-101_param_ps_assignment.json,0,0.176,25,-1,43,0,0,1,25,8,[],0.3281411468800002,120000.0,0.0002,25,1,,1,0,10.0,100.0,-1,0.0,csv/resnet-101/,3000.0,25,none,resnet-101,0
0,10.0,distribution_csv/resnet-101/,-1,0,100.0,1e-05,-1,1,4,0,json/resnet-101_param_ps_assignment.json,0,0.176,100,-1,44,0,0,1,100,16,[],0.5835010239999993,120000.0,0.0002,100,1,,1,0,10.0,100.0,-1,0.0,csv/resnet-101/,3000.0,100,none,resnet-101,0
0,10.0,distribution_csv/resnet-101/,-1,0,100.0,1e-05,-1,1,4,1,json/resnet-101_param_ps_assignment.json,0,0.176,25,-1,43,0,0,1,25,16,[],0.5624421888000001,120000.0,0.0002,25,1,,1,0,10.0,100.0,-1,0.0,csv/resnet-101/,3000.0,25,none,resnet-101,0
0,10.0,distribution_csv/resnet-101/,-1,0,100.0,1e-05,-1,1,4,1,json/resnet-101_param_ps_assignment.json,0,0.176,10,-1,44,0,0,1,10,32,[],0.6517898112003986,120000.0,0.0002,10,1,,1,0,10.0,100.0,-1,0.0,csv/resnet-101/,3000.0,10,none,resnet-101,0
0,10.0,distribution_csv/resnet-101/,-1,0,100.0,1e-05,-1,1,4,0,json/resnet-101_param_ps_assignment.json,0,0.176,50,-1,44,0,0,1,50,32,[],0.6202450790399879,120000.0,0.0002,50,1,,1,0,10.0,100.0,-1,0.0,csv/resnet-101/,3000.0,50,none,resnet-101,0
0,10.0,distribution_csv/resnet-101/,-1,0,100.0,1e-05,-1,1,4,0,json/resnet-101_param_ps_assignment.json,0,0.176,10,-1,45,0,0,1,10,8,[],0.4483337696002528,120000.0,0.0002,10,1,,1,0,10.0,100.0,-1,0.0,csv/resnet-101/,3000.0,10,none,resnet-101,0
0,10.0,distribution_csv/resnet-101/,-1,0,100.0,1e-05,-1,1,4,1,json/resnet-101_param_ps_assignment.json,0,0.176,50,-1,44,0,0,1,50,8,[],0.557142105599999,120000.0,0.0002,50,1,,1,0,10.0,100.0,-1,0.0,csv/resnet-101/,3000.0,50,none,resnet-101,0
0,10.0,distribution_csv/resnet-101/,-1,0,100.0,1e-05,-1,1,4,0,json/resnet-101_param_ps_assignment.json,0,0.176,100,-1,44,0,0,1,100,32,[],0.6193315808000008,120000.0,0.0002,100,1,,1,0,10.0,100.0,-1,0.0,csv/resnet-101/,3000.0,100,none,resnet-101,0
0,10.0,distribution_csv/resnet-101/,-1,0,100.0,1e-05,-1,1,4,0,json/resnet-101_param_ps_assignment.json,0,0.176,10,-1,45,0,0,1,10,16,[],0.5988590208003063,120000.0,0.0002,10,1,,1,0,10.0,100.0,-1,0.0,csv/resnet-101/,3000.0,10,none,resnet-101,0
0,10.0,distribution_csv/resnet-101/,-1,0,100.0,1e-05,-1,1,4,1,json/resnet-101_param_ps_assignment.json,0,0.176,25,-1,43,0,0,1,25,32,[],0.5790315827200001,120000.0,0.0002,25,1,,1,0,10.0,100.0,-1,0.0,csv/resnet-101/,3000.0,25,none,resnet-101,0
0,10.0,distribution_csv/resnet-101/,-1,0,100.0,1e-05,-1,1,4,1,json/resnet-101_param_ps_assignment.json,0,0.176,50,-1,44,0,0,1,50,16,[],0.5693126323199977,120000.0,0.0002,50,1,,1,0,10.0,100.0,-1,0.0,csv/resnet-101/,3000.0,50,none,resnet-101,0
0,10.0,distribution_csv/resnet-101/,-1,0,100.0,1e-05,-1,1,4,1,json/resnet-101_param_ps_assignment.json,0,0.176,100,-1,44,0,0,1,100,8,[],0.5571210732800002,120000.0,0.0002,100,1,,1,0,10.0,100.0,-1,0.0,csv/resnet-101/,3000.0,100,none,resnet-101,0
0,10.0,distribution_csv/resnet-101/,-1,0,100.0,1e-05,-1,1,4,0,json/resnet-101_param_ps_assignment.json,0,0.176,25,-1,44,0,0,1,25,8,[],0.5634052646400001,120000.0,0.0002,25,1,,1,0,10.0,100.0,-1,0.0,csv/resnet-101/,3000.0,25,none,resnet-101,0
0,10.0,distribution_csv/resnet-101/,-1,0,100.0,1e-05,-1,1,4,1,json/resnet-101_param_ps_assignment.json,0,0.176,100,-1,44,0,0,1,100,16,[],0.5663389478400003,120000.0,0.0002,100,1,,1,0,10.0,100.0,-1,0.0,csv/resnet-101/,3000.0,100,none,resnet-101,0
0,10.0,distribution_csv/resnet-101/,-1,0,100.0,1e-05,-1,1,4,1,json/resnet-101_param_ps_assignment.json,0,0.176,50,-1,44,0,0,1,50,32,[],0.5948810547199934,120000.0,0.0002,50,1,,1,0,10.0,100.0,-1,0.0,csv/resnet-101/,3000.0,50,none,resnet-101,0
0,10.0,distribution_csv/resnet-101/,-1,0,100.0,1e-05,-1,1,4,0,json/resnet-101_param_ps_assignment.json,0,0.176,10,-1,45,0,0,1,10,32,[],0.7428744064004795,120000.0,0.0002,10,1,,1,0,10.0,100.0,-1,0.0,csv/resnet-101/,3000.0,10,none,resnet-101,0
0,10.0,distribution_csv/resnet-101/,-1,0,100.0,1e-05,-1,1,4,0,json/resnet-101_param_ps_assignment.json,0,0.176,50,-1,45,0,0,1,50,8,[],0.3003978956800009,120000.0,0.0002,50,1,,1,0,10.0,100.0,-1,0.0,csv/resnet-101/,3000.0,50,none,resnet-101,0
0,10.0,distribution_csv/resnet-101/,-1,0,100.0,1e-05,-1,1,4,0,json/resnet-101_param_ps_assignment.json,0,0.176,25,-1,44,0,0,1,25,16,[],0.5874839321599981,120000.0,0.0002,25,1,,1,0,10.0,100.0,-1,0.0,csv/resnet-101/,3000.0,25,none,resnet-101,0
0,10.0,distribution_csv/resnet-101/,-1,0,100.0,1e-05,-1,1,4,1,json/resnet-101_param_ps_assignment.json,0,0.176,10,-1,45,0,0,1,10,8,[],0.4448020640002533,120000.0,0.0002,10,1,,1,0,10.0,100.0,-1,0.0,csv/resnet-101/,3000.0,10,none,resnet-101,0
0,10.0,distribution_csv/resnet-101/,-1,0,100.0,1e-05,-1,1,4,1,json/resnet-101_param_ps_assignment.json,0,0.176,100,-1,44,0,0,1,100,32,[],0.5947505273600004,120000.0,0.0002,100,1,,1,0,10.0,100.0,-1,0.0,csv/resnet-101/,3000.0,100,none,resnet-101,0
0,10.0,distribution_csv/resnet-101/,-1,0,100.0,1e-05,-1,1,4,0,json/resnet-101_param_ps_assignment.json,0,0.176,100,-1,45,0,0,1,100,8,[],0.3003389478399994,120000.0,0.0002,100,1,,1,0,10.0,100.0,-1,0.0,csv/resnet-101/,3000.0,100,none,resnet-101,0
0,10.0,distribution_csv/resnet-101/,-1,0,100.0,1e-05,-1,1,4,1,json/resnet-101_param_ps_assignment.json,0,0.176,10,-1,45,0,0,1,10,16,[],0.47937539200027546,120000.0,0.0002,10,1,,1,0,10.0,100.0,-1,0.0,csv/resnet-101/,3000.0,10,none,resnet-101,0
0,10.0,distribution_csv/resnet-101/,-1,0,100.0,1e-05,-1,1,4,0,json/resnet-101_param_ps_assignment.json,0,0.176,50,-1,45,0,0,1,50,16,[],0.35385263360000196,120000.0,0.0002,50,1,,1,0,10.0,100.0,-1,0.0,csv/resnet-101/,3000.0,50,none,resnet-101,0
0,10.0,distribution_csv/resnet-101/,-1,0,100.0,1e-05,-1,1,4,0,json/resnet-101_param_ps_assignment.json,0,0.176,100,-1,45,0,0,1,100,16,[],0.36758118783999905,120000.0,0.0002,100,1,,1,0,10.0,100.0,-1,0.0,csv/resnet-101/,3000.0,100,none,resnet-101,0
0,10.0,distribution_csv/resnet-101/,-1,0,100.0,1e-05,-1,1,4,0,json/resnet-101_param_ps_assignment.json,0,0.176,25,-1,44,0,0,1,25,32,[],0.6249421376002355,120000.0,0.0002,25,1,,1,0,10.0,100.0,-1,0.0,csv/resnet-101/,3000.0,25,none,resnet-101,0
0,10.0,distribution_csv/resnet-101/,-1,0,100.0,1e-05,-1,1,4,1,json/resnet-101_param_ps_assignment.json,0,0.176,10,-1,45,0,0,1,10,32,[],0.6617495584003849,120000.0,0.0002,10,1,,1,0,10.0,100.0,-1,0.0,csv/resnet-101/,3000.0,10,none,resnet-101,0
0,10.0,distribution_csv/resnet-101/,-1,0,100.0,1e-05,-1,1,4,1,json/resnet-101_param_ps_assignment.json,0,0.176,25,-1,44,0,0,1,25,8,[],0.5571842112000001,120000.0,0.0002,25,1,,1,0,10.0,100.0,-1,0.0,csv/resnet-101/,3000.0,25,none,resnet-101,0
0,10.0,distribution_csv/resnet-101/,-1,0,100.0,1e-05,-1,1,4,0,json/resnet-101_param_ps_assignment.json,0,0.176,50,-1,45,0,0,1,50,32,[],0.6052450790399878,120000.0,0.0002,50,1,,1,0,10.0,100.0,-1,0.0,csv/resnet-101/,3000.0,50,none,resnet-101,0
0,10.0,distribution_csv/resnet-101/,-1,0,100.0,1e-05,-1,1,4,0,json/resnet-101_param_ps_assignment.json,0,0.176,10,-1,46,0,0,1,10,8,[],0.44600799360025933,120000.0,0.0002,10,1,,1,0,10.0,100.0,-1,0.0,csv/resnet-101/,3000.0,10,none,resnet-101,0
0,10.0,distribution_csv/resnet-101/,-1,0,100.0,1e-05,-1,1,4,1,json/resnet-101_param_ps_assignment.json,0,0.176,50,-1,45,0,0,1,50,8,[],0.2942273689600005,120000.0,0.0002,50,1,,1,0,10.0,100.0,-1,0.0,csv/resnet-101/,3000.0,50,none,resnet-101,0
0,10.0,distribution_csv/resnet-101/,-1,0,100.0,1e-05,-1,1,4,1,json/resnet-101_param_ps_assignment.json,0,0.176,25,-1,44,0,0,1,25,16,[],0.5735526336000001,120000.0,0.0002,25,1,,1,0,10.0,100.0,-1,0.0,csv/resnet-101/,3000.0,25,none,resnet-101,0
0,10.0,distribution_csv/resnet-101/,-1,0,100.0,1e-05,-1,1,4,0,json/resnet-101_param_ps_assignment.json,0,0.176,100,-1,45,0,0,1,100,32,[],0.6094393382400005,120000.0,0.0002,100,1,,1,0,10.0,100.0,-1,0.0,csv/resnet-101/,3000.0,100,none,resnet-101,0
0,10.0,distribution_csv/resnet-101/,-1,0,100.0,1e-05,-1,1,4,0,json/resnet-101_param_ps_assignment.json,0,0.176,10,-1,46,0,0,1,10,16,[],0.5956291328002981,120000.0,0.0002,10,1,,1,0,10.0,100.0,-1,0.0,csv/resnet-101/,3000.0,10,none,resnet-101,0
0,10.0,distribution_csv/resnet-101/,-1,0,100.0,1e-05,-1,1,4,1,json/resnet-101_param_ps_assignment.json,0,0.176,100,-1,45,0,0,1,100,8,[],0.29419368447999966,120000.0,0.0002,100,1,,1,0,10.0,100.0,-1,0.0,csv/resnet-101/,3000.0,100,none,resnet-101,0
0,10.0,distribution_csv/resnet-101/,-1,0,100.0,1e-05,-1,1,4,1,json/resnet-101_param_ps_assignment.json,0,0.176,50,-1,45,0,0,1,50,16,[],0.3353126323200007,120000.0,0.0002,50,1,,1,0,10.0,100.0,-1,0.0,csv/resnet-101/,3000.0,50,none,resnet-101,0
0,10.0,distribution_csv/resnet-101/,-1,0,100.0,1e-05,-1,1,4,1,json/resnet-101_param_ps_assignment.json,0,0.176,100,-1,45,0,0,1,100,16,[],0.5602772313599997,120000.0,0.0002,100,1,,1,0,10.0,100.0,-1,0.0,csv/resnet-101/,3000.0,100,none,resnet-101,0
0,10.0,distribution_csv/resnet-101/,-1,0,100.0,1e-05,-1,1,4,1,json/resnet-101_param_ps_assignment.json,0,0.176,25,-1,44,0,0,1,25,32,[],0.5886318924800034,120000.0,0.0002,25,1,,1,0,10.0,100.0,-1,0.0,csv/resnet-101/,3000.0,25,none,resnet-101,0
0,10.0,distribution_csv/resnet-101/,-1,0,100.0,1e-05,-1,1,4,1,json/resnet-101_param_ps_assignment.json,0,0.176,50,-1,45,0,0,1,50,32,[],0.5786426214399937,120000.0,0.0002,50,1,,1,0,10.0,100.0,-1,0.0,csv/resnet-101/,3000.0,50,none,resnet-101,0
0,10.0,distribution_csv/resnet-101/,-1,0,100.0,1e-05,-1,1,4,0,json/resnet-101_param_ps_assignment.json,0,0.176,25,-1,45,0,0,1,25,8,[],0.30500916224023616,120000.0,0.0002,25,1,,1,0,10.0,100.0,-1,0.0,csv/resnet-101/,3000.0,25,none,resnet-101,0
0,10.0,distribution_csv/resnet-101/,-1,0,100.0,1e-05,-1,1,4,0,json/resnet-101_param_ps_assignment.json,0,0.176,10,-1,46,0,0,1,10,32,[],0.8218448768002652,120000.0,0.0002,10,1,,1,0,10.0,100.0,-1,0.0,csv/resnet-101/,3000.0,10,none,resnet-101,0
0,10.0,distribution_csv/resnet-101/,-1,0,100.0,1e-05,-1,1,4,1,json/resnet-101_param_ps_assignment.json,0,0.176,100,-1,45,0,0,1,100,32,[],0.572581187839999,120000.0,0.0002,100,1,,1,0,10.0,100.0,-1,0.0,csv/resnet-101/,3000.0,100,none,resnet-101,0
0,10.0,distribution_csv/resnet-101/,-1,0,100.0,1e-05,-1,1,4,0,json/resnet-101_param_ps_assignment.json,0,0.176,50,-1,46,0,0,1,50,8,[],0.43926106496000034,120000.0,0.0002,50,1,,1,0,10.0,100.0,-1,0.0,csv/resnet-101/,3000.0,50,none,resnet-101,0
0,10.0,distribution_csv/resnet-101/,-1,0,100.0,1e-05,-1,1,4,1,json/resnet-101_param_ps_assignment.json,0,0.176,10,-1,46,0,0,1,10,8,[],0.43687015040025623,120000.0,0.0002,10,1,,1,0,10.0,100.0,-1,0.0,csv/resnet-101/,3000.0,10,none,resnet-101,0
0,10.0,distribution_csv/resnet-101/,-1,0,100.0,1e-05,-1,1,4,0,json/resnet-101_param_ps_assignment.json,0,0.176,100,-1,46,0,0,1,100,8,[],0.4392605324799996,120000.0,0.0002,100,1,,1,0,10.0,100.0,-1,0.0,csv/resnet-101/,3000.0,100,none,resnet-101,0
0,10.0,distribution_csv/resnet-101/,-1,0,100.0,1e-05,-1,1,4,0,json/resnet-101_param_ps_assignment.json,0,0.176,25,-1,45,0,0,1,25,16,[],0.574635357440001,120000.0,0.0002,25,1,,1,0,10.0,100.0,-1,0.0,csv/resnet-101/,3000.0,25,none,resnet-101,0
0,10.0,distribution_csv/resnet-101/,-1,0,100.0,1e-05,-1,1,4,0,json/resnet-101_param_ps_assignment.json,0,0.176,50,-1,46,0,0,1,50,16,[],0.5997957913599941,120000.0,0.0002,50,1,,1,0,10.0,100.0,-1,0.0,csv/resnet-101/,3000.0,50,none,resnet-101,0
0,10.0,distribution_csv/resnet-101/,-1,0,100.0,1e-05,-1,1,4,1,json/resnet-101_param_ps_assignment.json,0,0.176,10,-1,46,0,0,1,10,16,[],0.5826833663999996,120000.0,0.0002,10,1,,1,0,10.0,100.0,-1,0.0,csv/resnet-101/,3000.0,10,none,resnet-101,0
0,10.0,distribution_csv/resnet-101/,-1,0,100.0,1e-05,-1,1,4,0,json/resnet-101_param_ps_assignment.json,0,0.176,100,-1,46,0,0,1,100,16,[],0.5986536851200004,120000.0,0.0002,100,1,,1,0,10.0,100.0,-1,0.0,csv/resnet-101/,3000.0,100,none,resnet-101,0
0,10.0,distribution_csv/resnet-101/,-1,0,100.0,1e-05,-1,1,4,1,json/resnet-101_param_ps_assignment.json,0,0.176,10,-1,46,0,0,1,10,32,[],0.6580038976002656,120000.0,0.0002,10,1,,1,0,10.0,100.0,-1,0.0,csv/resnet-101/,3000.0,10,none,resnet-101,0
0,10.0,distribution_csv/resnet-101/,-1,0,100.0,1e-05,-1,1,4,0,json/resnet-101_param_ps_assignment.json,0,0.176,25,-1,45,0,0,1,25,32,[],0.6068676121602481,120000.0,0.0002,25,1,,1,0,10.0,100.0,-1,0.0,csv/resnet-101/,3000.0,25,none,resnet-101,0
0,10.0,distribution_csv/resnet-101/,-1,0,100.0,1e-05,-1,1,4,0,json/resnet-101_param_ps_assignment.json,0,0.176,100,-1,46,0,0,1,100,32,[],0.629222498559998,120000.0,0.0002,100,1,,1,0,10.0,100.0,-1,0.0,csv/resnet-101/,3000.0,100,none,resnet-101,0
0,10.0,distribution_csv/resnet-101/,-1,0,100.0,1e-05,-1,1,4,0,json/resnet-101_param_ps_assignment.json,0,0.176,10,-1,47,0,0,1,10,8,[],0.45352217920025095,120000.0,0.0002,10,1,,1,0,10.0,100.0,-1,0.0,csv/resnet-101/,3000.0,10,none,resnet-101,0
0,10.0,distribution_csv/resnet-101/,-1,0,100.0,1e-05,-1,1,4,1,json/resnet-101_param_ps_assignment.json,0,0.176,25,-1,45,0,0,1,25,8,[],0.2983311449602339,120000.0,0.0002,25,1,,1,0,10.0,100.0,-1,0.0,csv/resnet-101/,3000.0,25,none,resnet-101,0
0,10.0,distribution_csv/resnet-101/,-1,0,100.0,1e-05,-1,1,4,0,json/resnet-101_param_ps_assignment.json,0,0.176,50,-1,46,0,0,1,50,32,[],0.6231317081598183,120000.0,0.0002,50,1,,1,0,10.0,100.0,-1,0.0,csv/resnet-101/,3000.0,50,none,resnet-101,0
0,10.0,distribution_csv/resnet-101/,-1,0,100.0,1e-05,-1,1,4,1,json/resnet-101_param_ps_assignment.json,0,0.176,100,-1,46,0,0,1,100,8,[],0.4331653247999997,120000.0,0.0002,100,1,,1,0,10.0,100.0,-1,0.0,csv/resnet-101/,3000.0,100,none,resnet-101,0
0,10.0,distribution_csv/resnet-101/,-1,0,100.0,1e-05,-1,1,4,1,json/resnet-101_param_ps_assignment.json,0,0.176,50,-1,46,0,0,1,50,8,[],0.4331906496000004,120000.0,0.0002,50,1,,1,0,10.0,100.0,-1,0.0,csv/resnet-101/,3000.0,50,none,resnet-101,0
0,10.0,distribution_csv/resnet-101/,-1,0,100.0,1e-05,-1,1,4,1,json/resnet-101_param_ps_assignment.json,0,0.176,25,-1,45,0,0,1,25,16,[],0.56047894912,120000.0,0.0002,25,1,,1,0,10.0,100.0,-1,0.0,csv/resnet-101/,3000.0,25,none,resnet-101,0
0,10.0,distribution_csv/resnet-101/,-1,0,100.0,1e-05,-1,1,4,1,json/resnet-101_param_ps_assignment.json,0,0.176,100,-1,46,0,0,1,100,16,[],0.5642805939199996,120000.0,0.0002,100,1,,1,0,10.0,100.0,-1,0.0,csv/resnet-101/,3000.0,100,none,resnet-101,0
0,10.0,distribution_csv/resnet-101/,-1,0,100.0,1e-05,-1,1,4,0,json/resnet-101_param_ps_assignment.json,0,0.176,10,-1,47,0,0,1,10,16,[],0.5906149503999992,120000.0,0.0002,10,1,,1,0,10.0,100.0,-1,0.0,csv/resnet-101/,3000.0,10,none,resnet-101,0
0,10.0,distribution_csv/resnet-101/,-1,0,100.0,1e-05,-1,1,4,1,json/resnet-101_param_ps_assignment.json,0,0.176,50,-1,46,0,0,1,50,16,[],0.5703126323199976,120000.0,0.0002,50,1,,1,0,10.0,100.0,-1,0.0,csv/resnet-101/,3000.0,50,none,resnet-101,0
0,10.0,distribution_csv/resnet-101/,-1,0,100.0,1e-05,-1,1,4,1,json/resnet-101_param_ps_assignment.json,0,0.176,25,-1,45,0,0,1,25,32,[],0.5781052672,120000.0,0.0002,25,1,,1,0,10.0,100.0,-1,0.0,csv/resnet-101/,3000.0,25,none,resnet-101,0
0,10.0,distribution_csv/resnet-101/,-1,0,100.0,1e-05,-1,1,4,1,json/resnet-101_param_ps_assignment.json,0,0.176,100,-1,46,0,0,1,100,32,[],0.5866161792,120000.0,0.0002,100,1,,1,0,10.0,100.0,-1,0.0,csv/resnet-101/,3000.0,100,none,resnet-101,0
0,10.0,distribution_csv/resnet-101/,-1,0,100.0,1e-05,-1,1,4,0,json/resnet-101_param_ps_assignment.json,0,0.176,25,-1,46,0,0,1,25,8,[],0.4392621299200004,120000.0,0.0002,25,1,,1,0,10.0,100.0,-1,0.0,csv/resnet-101/,3000.0,25,none,resnet-101,0
0,10.0,distribution_csv/resnet-101/,-1,0,100.0,1e-05,-1,1,4,0,json/resnet-101_param_ps_assignment.json,0,0.176,100,-1,47,0,0,1,100,8,[],0.30633894783999943,120000.0,0.0002,100,1,,1,0,10.0,100.0,-1,0.0,csv/resnet-101/,3000.0,100,none,resnet-101,0
0,10.0,distribution_csv/resnet-101/,-1,0,100.0,1e-05,-1,1,4,1,json/resnet-101_param_ps_assignment.json,0,0.176,50,-1,46,0,0,1,50,32,[],0.6018526335999936,120000.0,0.0002,50,1,,1,0,10.0,100.0,-1,0.0,csv/resnet-101/,3000.0,50,none,resnet-101,0
0,10.0,distribution_csv/resnet-101/,-1,0,100.0,1e-05,-1,1,4,0,json/resnet-101_param_ps_assignment.json,0,0.176,10,-1,47,0,0,1,10,32,[],0.8158254656005242,120000.0,0.0002,10,1,,1,0,10.0,100.0,-1,0.0,csv/resnet-101/,3000.0,10,none,resnet-101,0
0,10.0,distribution_csv/resnet-101/,-1,0,100.0,1e-05,-1,1,4,0,json/resnet-101_param_ps_assignment.json,0,0.176,50,-1,47,0,0,1,50,8,[],0.3063978956800009,120000.0,0.0002,50,1,,1,0,10.0,100.0,-1,0.0,csv/resnet-101/,3000.0,50,none,resnet-101,0
0,10.0,distribution_csv/resnet-101/,-1,0,100.0,1e-05,-1,1,4,1,json/resnet-101_param_ps_assignment.json,0,0.176,10,-1,47,0,0,1,10,8,[],0.4505396384002509,120000.0,0.0002,10,1,,1,0,10.0,100.0,-1,0.0,csv/resnet-101/,3000.0,10,none,resnet-101,0
0,10.0,distribution_csv/resnet-101/,-1,0,100.0,1e-05,-1,1,4,0,json/resnet-101_param_ps_assignment.json,0,0.176,100,-1,47,0,0,1,100,16,[],0.5526294745600004,120000.0,0.0002,100,1,,1,0,10.0,100.0,-1,0.0,csv/resnet-101/,3000.0,100,none,resnet-101,0
0,10.0,distribution_csv/resnet-101/,-1,0,100.0,1e-05,-1,1,4,0,json/resnet-101_param_ps_assignment.json,0,0.176,25,-1,46,0,0,1,25,16,[],0.6006049151999976,120000.0,0.0002,25,1,,1,0,10.0,100.0,-1,0.0,csv/resnet-101/,3000.0,25,none,resnet-101,0
0,10.0,distribution_csv/resnet-101/,-1,0,100.0,1e-05,-1,1,4,1,json/resnet-101_param_ps_assignment.json,0,0.176,10,-1,47,0,0,1,10,16,[],0.5653265535999973,120000.0,0.0002,10,1,,1,0,10.0,100.0,-1,0.0,csv/resnet-101/,3000.0,10,none,resnet-101,0
0,10.0,distribution_csv/resnet-101/,-1,0,100.0,1e-05,-1,1,4,0,json/resnet-101_param_ps_assignment.json,0,0.176,50,-1,47,0,0,1,50,16,[],0.5896639372799946,120000.0,0.0002,50,1,,1,0,10.0,100.0,-1,0.0,csv/resnet-101/,3000.0,50,none,resnet-101,0
0,10.0,distribution_csv/resnet-101/,-1,0,100.0,1e-05,-1,1,4,0,json/resnet-101_param_ps_assignment.json,0,0.176,100,-1,47,0,0,1,100,32,[],0.6151222937599983,120000.0,0.0002,100,1,,1,0,10.0,100.0,-1,0.0,csv/resnet-101/,3000.0,100,none,resnet-101,0
0,10.0,distribution_csv/resnet-101/,-1,0,100.0,1e-05,-1,1,4,1,json/resnet-101_param_ps_assignment.json,0,0.176,10,-1,47,0,0,1,10,32,[],0.6376784960004064,120000.0,0.0002,10,1,,1,0,10.0,100.0,-1,0.0,csv/resnet-101/,3000.0,10,none,resnet-101,0
0,10.0,distribution_csv/resnet-101/,-1,0,100.0,1e-05,-1,1,4,0,json/resnet-101_param_ps_assignment.json,0,0.176,25,-1,46,0,0,1,25,32,[],0.6319278259212966,120000.0,0.0002,25,1,,1,0,10.0,100.0,-1,0.0,csv/resnet-101/,3000.0,25,none,resnet-101,0
0,10.0,distribution_csv/resnet-101/,-1,0,100.0,1e-05,-1,1,4,1,json/resnet-101_param_ps_assignment.json,0,0.176,100,-1,47,0,0,1,100,8,[],0.30019368447999967,120000.0,0.0002,100,1,,1,0,10.0,100.0,-1,0.0,csv/resnet-101/,3000.0,100,none,resnet-101,0
0,10.0,distribution_csv/resnet-101/,-1,0,100.0,1e-05,-1,1,4,1,json/resnet-101_param_ps_assignment.json,0,0.176,25,-1,46,0,0,1,25,8,[],0.4332412992000007,120000.0,0.0002,25,1,,1,0,10.0,100.0,-1,0.0,csv/resnet-101/,3000.0,25,none,resnet-101,0
0,10.0,distribution_csv/resnet-101/,-1,0,100.0,1e-05,-1,1,4,0,json/resnet-101_param_ps_assignment.json,0,0.176,50,-1,47,0,0,1,50,32,[],0.5807595775999712,120000.0,0.0002,50,1,,1,0,10.0,100.0,-1,0.0,csv/resnet-101/,3000.0,50,none,resnet-101,0
0,10.0,distribution_csv/resnet-101/,-1,0,100.0,1e-05,-1,1,4,1,json/resnet-101_param_ps_assignment.json,0,0.176,100,-1,47,0,0,1,100,16,[],0.5783631788800002,120000.0,0.0002,100,1,,1,0,10.0,100.0,-1,0.0,csv/resnet-101/,3000.0,100,none,resnet-101,0
0,10.0,distribution_csv/resnet-101/,-1,0,100.0,1e-05,-1,1,4,1,json/resnet-101_param_ps_assignment.json,0,0.176,50,-1,47,0,0,1,50,8,[],0.3002273689600005,120000.0,0.0002,50,1,,1,0,10.0,100.0,-1,0.0,csv/resnet-101/,3000.0,50,none,resnet-101,0
0,10.0,distribution_csv/resnet-101/,-1,0,100.0,1e-05,-1,1,4,1,json/resnet-101_param_ps_assignment.json,0,0.176,25,-1,46,0,0,1,25,16,[],0.56833166208,120000.0,0.0002,25,1,,1,0,10.0,100.0,-1,0.0,csv/resnet-101/,3000.0,25,none,resnet-101,0
0,10.0,distribution_csv/resnet-101/,-1,0,100.0,1e-05,-1,1,4,1,json/resnet-101_param_ps_assignment.json,0,0.176,50,-1,47,0,0,1,50,16,[],0.5403978956799971,120000.0,0.0002,50,1,,1,0,10.0,100.0,-1,0.0,csv/resnet-101/,3000.0,50,none,resnet-101,0
0,10.0,distribution_csv/resnet-101/,-1,0,100.0,1e-05,-1,1,4,1,json/resnet-101_param_ps_assignment.json,0,0.176,100,-1,47,0,0,1,100,32,[],0.5946413107199989,120000.0,0.0002,100,1,,1,0,10.0,100.0,-1,0.0,csv/resnet-101/,3000.0,100,none,resnet-101,0
0,10.0,distribution_csv/resnet-101/,-1,0,100.0,1e-05,-1,1,4,1,json/resnet-101_param_ps_assignment.json,0,0.176,25,-1,46,0,0,1,25,32,[],0.6031790336,120000.0,0.0002,25,1,,1,0,10.0,100.0,-1,0.0,csv/resnet-101/,3000.0,25,none,resnet-101,0
0,10.0,distribution_csv/resnet-101/,-1,0,100.0,1e-05,-1,1,4,0,json/resnet-101_param_ps_assignment.json,0,0.176,25,-1,47,0,0,1,25,8,[],0.31201216128026577,120000.0,0.0002,25,1,,1,0,10.0,100.0,-1,0.0,csv/resnet-101/,3000.0,25,none,resnet-101,0
0,10.0,distribution_csv/resnet-101/,-1,0,100.0,1e-05,-1,1,4,1,json/resnet-101_param_ps_assignment.json,0,0.176,50,-1,47,0,0,1,50,32,[],0.5819095167999933,120000.0,0.0002,50,1,,1,0,10.0,100.0,-1,0.0,csv/resnet-101/,3000.0,50,none,resnet-101,0
0,10.0,distribution_csv/resnet-101/,-1,0,100.0,1e-05,-1,1,4,0,json/resnet-101_param_ps_assignment.json,0,0.176,25,-1,47,0,0,1,25,16,[],0.5559184012799994,120000.0,0.0002,25,1,,1,0,10.0,100.0,-1,0.0,csv/resnet-101/,3000.0,25,none,resnet-101,0
0,10.0,distribution_csv/resnet-101/,-1,0,100.0,1e-05,-1,1,4,0,json/resnet-101_param_ps_assignment.json,0,0.176,25,-1,47,0,0,1,25,32,[],0.6229381772802591,120000.0,0.0002,25,1,,1,0,10.0,100.0,-1,0.0,csv/resnet-101/,3000.0,25,none,resnet-101,0
0,10.0,distribution_csv/resnet-101/,-1,0,100.0,1e-05,-1,1,4,1,json/resnet-101_param_ps_assignment.json,0,0.176,25,-1,47,0,0,1,25,8,[],0.30354352384026984,120000.0,0.0002,25,1,,1,0,10.0,100.0,-1,0.0,csv/resnet-101/,3000.0,25,none,resnet-101,0
0,10.0,distribution_csv/resnet-101/,-1,0,100.0,1e-05,-1,1,4,1,json/resnet-101_param_ps_assignment.json,0,0.176,25,-1,47,0,0,1,25,16,[],0.5754421888,120000.0,0.0002,25,1,,1,0,10.0,100.0,-1,0.0,csv/resnet-101/,3000.0,25,none,resnet-101,0
0,10.0,distribution_csv/resnet-101/,-1,0,100.0,1e-05,-1,1,4,1,json/resnet-101_param_ps_assignment.json,0,0.176,25,-1,47,0,0,1,25,32,[],0.5915645875199977,120000.0,0.0002,25,1,,1,0,10.0,100.0,-1,0.0,csv/resnet-101/,3000.0,25,none,resnet-101,0
