0.0,6144.0,gradients/inception_v3/mixed_8x8x2048b/branch_pool/Conv/BatchNorm/batchnorm/sub_grad/tuple/control_dependency
0.0,10240.0,gradients/inception_v3/mixed_8x8x2048b/branch1x1/Conv/BatchNorm/batchnorm/sub_grad/tuple/control_dependency
0.0,12288.0,gradients/inception_v3/mixed_8x8x2048b/branch3x3/Conv_1/BatchNorm/batchnorm/sub_grad/tuple/control_dependency
0.0,12288.0,gradients/inception_v3/mixed_8x8x2048b/branch3x3/Conv_2/BatchNorm/batchnorm/sub_grad/tuple/control_dependency
0.0,12288.0,gradients/inception_v3/mixed_8x8x2048b/branch3x3dbl/Conv_2/BatchNorm/batchnorm/sub_grad/tuple/control_dependency
0.0,12288.0,gradients/inception_v3/mixed_8x8x2048b/branch3x3dbl/Conv_3/BatchNorm/batchnorm/sub_grad/tuple/control_dependency
2.0,12288.0,gradients/inception_v3/mixed_8x8x2048b/branch3x3/Conv/BatchNorm/batchnorm/sub_grad/tuple/control_dependency
2.0,12288.0,gradients/inception_v3/mixed_8x8x2048b/branch3x3dbl/Conv_1/BatchNorm/batchnorm/sub_grad/tuple/control_dependency
2.0,12582912.0,gradients/AddN_18
2.0,14155776.0,gradients/AddN_20
2.0,14155776.0,gradients/AddN_22
2.0,14155776.0,gradients/AddN_23
2.0,14155776.0,gradients/AddN_25
2.0,20971520.0,gradients/AddN_13
3.0,14336.0,gradients/inception_v3/mixed_8x8x2048b/branch3x3dbl/Conv/BatchNorm/batchnorm/sub_grad/tuple/control_dependency
3.0,25165824.0,gradients/AddN_32
3.0,29360128.0,gradients/AddN_37
3.0,49545216.0,gradients/AddN_33
4.0,6144.0,gradients/inception_v3/mixed_8x8x2048a/branch_pool/Conv/BatchNorm/batchnorm/sub_grad/tuple/control_dependency
4.0,10240.0,gradients/inception_v3/mixed_8x8x2048a/branch1x1/Conv/BatchNorm/batchnorm/sub_grad/tuple/control_dependency
4.0,12288.0,gradients/inception_v3/mixed_8x8x2048a/branch3x3/Conv_1/BatchNorm/batchnorm/sub_grad/tuple/control_dependency
4.0,12288.0,gradients/inception_v3/mixed_8x8x2048a/branch3x3/Conv_2/BatchNorm/batchnorm/sub_grad/tuple/control_dependency
4.0,12288.0,gradients/inception_v3/mixed_8x8x2048a/branch3x3dbl/Conv_2/BatchNorm/batchnorm/sub_grad/tuple/control_dependency
4.0,12288.0,gradients/inception_v3/mixed_8x8x2048a/branch3x3dbl/Conv_3/BatchNorm/batchnorm/sub_grad/tuple/control_dependency
6.0,12288.0,gradients/inception_v3/mixed_8x8x2048a/branch3x3/Conv/BatchNorm/batchnorm/sub_grad/tuple/control_dependency
6.0,12288.0,gradients/inception_v3/mixed_8x8x2048a/branch3x3dbl/Conv_1/BatchNorm/batchnorm/sub_grad/tuple/control_dependency
6.0,7864320.0,gradients/AddN_51
6.0,13107200.0,gradients/AddN_46
6.0,14155776.0,gradients/AddN_52
6.0,14155776.0,gradients/AddN_54
6.0,14155776.0,gradients/AddN_55
6.0,14155776.0,gradients/AddN_57
7.0,14336.0,gradients/inception_v3/mixed_8x8x2048a/branch3x3dbl/Conv/BatchNorm/batchnorm/sub_grad/tuple/control_dependency
7.0,15728640.0,gradients/AddN_62
7.0,49545216.0,gradients/AddN_63
8.0,6144.0,gradients/inception_v3/mixed_17x17x1280a/branch7x7x3/Conv_3/BatchNorm/batchnorm/sub_grad/tuple/control_dependency
8.0,10240.0,gradients/inception_v3/mixed_17x17x1280a/branch3x3/Conv_1/BatchNorm/batchnorm/sub_grad/tuple/control_dependency
8.0,18350080.0,gradients/AddN_67
13.0,6144.0,gradients/inception_v3/mixed_17x17x1280a/branch3x3/Conv/BatchNorm/batchnorm/sub_grad/tuple/control_dependency
13.0,6144.0,gradients/inception_v3/mixed_17x17x1280a/branch7x7x3/Conv_2/BatchNorm/batchnorm/sub_grad/tuple/control_dependency
13.0,10616832.0,gradients/AddN_73
13.0,17694720.0,gradients/AddN_72
17.0,4718592.0,gradients/AddN_78
17.0,8257536.0,gradients/AddN_79
18.0,6144.0,gradients/inception_v3/mixed_17x17x1280a/branch7x7x3/Conv_1/BatchNorm/batchnorm/sub_grad/tuple/control_dependency
20.0,6144.0,gradients/inception_v3/mixed_17x17x1280a/branch7x7x3/Conv/BatchNorm/batchnorm/sub_grad/tuple/control_dependency
20.0,8257536.0,gradients/AddN_82
21.0,4718592.0,gradients/AddN_86
124.0,4096.0,inception_v3/aux_logits/proj/BatchNorm/moments/Squeeze
125.0,4096.0,inception_v3/aux_logits/proj/BatchNorm/moments/Squeeze_1
125.0,24576.0,inception_v3/aux_logits/Conv/BatchNorm/moments/Squeeze_1
125.0,24576.0,gradients/inception_v3/aux_logits/Conv/BatchNorm/batchnorm/sub_grad/tuple/control_dependency
125.0,24576.0,inception_v3/aux_logits/Conv/BatchNorm/moments/Squeeze
125.0,32032.0,gradients/inception_v3/aux_logits/FC/xw_plus_b_grad/tuple/control_dependency_1
125.0,24600576.0,gradients/AddN_1
126.0,4096.0,gradients/inception_v3/aux_logits/proj/BatchNorm/batchnorm/sub_grad/tuple/control_dependency
126.0,3145728.0,gradients/AddN_29
126.0,78643200.0,gradients/AddN_10
127.0,6144.0,gradients/inception_v3/mixed_17x17x768f/branch1x1/Conv/BatchNorm/batchnorm/sub_grad/tuple/control_dependency
127.0,6144.0,gradients/inception_v3/mixed_17x17x768f/branch_pool/Conv/BatchNorm/batchnorm/sub_grad/tuple/control_dependency
127.0,6144.0,gradients/inception_v3/mixed_17x17x768f/branch7x7/Conv_2/BatchNorm/batchnorm/sub_grad/tuple/control_dependency
127.0,6144.0,gradients/inception_v3/mixed_17x17x768f/branch7x7dbl/Conv_4/BatchNorm/batchnorm/sub_grad/tuple/control_dependency
128.0,6144.0,gradients/inception_v3/mixed_17x17x768f/branch7x7/Conv_1/BatchNorm/batchnorm/sub_grad/tuple/control_dependency
128.0,6144.0,gradients/inception_v3/mixed_17x17x768f/branch7x7dbl/Conv_3/BatchNorm/batchnorm/sub_grad/tuple/control_dependency
129.0,6144.0,gradients/inception_v3/mixed_17x17x768f/branch7x7/Conv/BatchNorm/batchnorm/sub_grad/tuple/control_dependency
129.0,6144.0,gradients/inception_v3/mixed_17x17x768f/branch7x7dbl/Conv_2/BatchNorm/batchnorm/sub_grad/tuple/control_dependency
130.0,6144.0,gradients/inception_v3/mixed_17x17x768f/branch7x7dbl/Conv/BatchNorm/batchnorm/sub_grad/tuple/control_dependency
130.0,6144.0,gradients/inception_v3/mixed_17x17x768f/branch7x7dbl/Conv_1/BatchNorm/batchnorm/sub_grad/tuple/control_dependency
133.0,4718592.0,gradients/addNbranch1x1/Conv/
133.0,4718592.0,gradients/addNbranch_pool/Conv/
133.0,8257536.0,gradients/addNbranch7x7/Conv_2/
133.0,8257536.0,gradients/addNbranch7x7dbl/Conv_4/
134.0,8257536.0,gradients/addNbranch7x7/Conv_1/
134.0,8257536.0,gradients/addNbranch7x7dbl/Conv_3/
135.0,4718592.0,gradients/addNbranch7x7/Conv/
135.0,8257536.0,gradients/addNbranch7x7dbl/Conv_2/
136.0,4718592.0,gradients/addNbranch7x7dbl/Conv/
136.0,8257536.0,gradients/addNbranch7x7dbl/Conv_1/
136.0,6144.0,gradients/inception_v3/mixed_17x17x768f/branch1x1/Conv/BatchNorm/batchnorm/sub_grad/tuple/control_dependency_1
136.0,6144.0,gradients/inception_v3/mixed_17x17x768f/branch_pool/Conv/BatchNorm/batchnorm/sub_grad/tuple/control_dependency_1
136.0,6144.0,gradients/inception_v3/mixed_17x17x768f/branch7x7/Conv_2/BatchNorm/batchnorm/sub_grad/tuple/control_dependency_1
136.0,6144.0,gradients/inception_v3/mixed_17x17x768f/branch7x7dbl/Conv_4/BatchNorm/batchnorm/sub_grad/tuple/control_dependency_1
137.0,6144.0,gradients/inception_v3/mixed_17x17x768f/branch7x7/Conv_1/BatchNorm/batchnorm/sub_grad/tuple/control_dependency_1
137.0,6144.0,gradients/inception_v3/mixed_17x17x768f/branch7x7dbl/Conv_3/BatchNorm/batchnorm/sub_grad/tuple/control_dependency_1
138.0,6144.0,gradients/inception_v3/mixed_17x17x768f/branch7x7/Conv/BatchNorm/batchnorm/sub_grad/tuple/control_dependency_1
138.0,6144.0,gradients/inception_v3/mixed_17x17x768f/branch7x7dbl/Conv_2/BatchNorm/batchnorm/sub_grad/tuple/control_dependency_1
139.0,6144.0,gradients/inception_v3/mixed_17x17x768f/branch7x7dbl/Conv/BatchNorm/batchnorm/sub_grad/tuple/control_dependency_1
139.0,6144.0,gradients/inception_v3/mixed_17x17x768f/branch7x7dbl/Conv_1/BatchNorm/batchnorm/sub_grad/tuple/control_dependency_1
142.0,4718592.0,gradients/addNbranch1x1/Conv/_1
142.0,4718592.0,gradients/addNbranch_pool/Conv/_1
142.0,8257536.0,gradients/addNbranch7x7/Conv_2/_1
142.0,8257536.0,gradients/addNbranch7x7dbl/Conv_4/_1
143.0,8257536.0,gradients/addNbranch7x7/Conv_1/_1
143.0,8257536.0,gradients/addNbranch7x7dbl/Conv_3/_1
144.0,4718592.0,gradients/addNbranch7x7/Conv/_1
144.0,8257536.0,gradients/addNbranch7x7dbl/Conv_2/_1
145.0,4718592.0,gradients/addNbranch7x7dbl/Conv/_1
145.0,8257536.0,gradients/addNbranch7x7dbl/Conv_1/_1
145.0,6144.0,gradients/inception_v3/mixed_17x17x768f/branch1x1/Conv/BatchNorm/batchnorm/sub_grad/tuple/control_dependency_2
145.0,6144.0,gradients/inception_v3/mixed_17x17x768f/branch_pool/Conv/BatchNorm/batchnorm/sub_grad/tuple/control_dependency_2
145.0,6144.0,gradients/inception_v3/mixed_17x17x768f/branch7x7/Conv_2/BatchNorm/batchnorm/sub_grad/tuple/control_dependency_2
145.0,6144.0,gradients/inception_v3/mixed_17x17x768f/branch7x7dbl/Conv_4/BatchNorm/batchnorm/sub_grad/tuple/control_dependency_2
146.0,6144.0,gradients/inception_v3/mixed_17x17x768f/branch7x7/Conv_1/BatchNorm/batchnorm/sub_grad/tuple/control_dependency_2
146.0,6144.0,gradients/inception_v3/mixed_17x17x768f/branch7x7dbl/Conv_3/BatchNorm/batchnorm/sub_grad/tuple/control_dependency_2
147.0,6144.0,gradients/inception_v3/mixed_17x17x768f/branch7x7/Conv/BatchNorm/batchnorm/sub_grad/tuple/control_dependency_2
147.0,6144.0,gradients/inception_v3/mixed_17x17x768f/branch7x7dbl/Conv_2/BatchNorm/batchnorm/sub_grad/tuple/control_dependency_2
148.0,6144.0,gradients/inception_v3/mixed_17x17x768f/branch7x7dbl/Conv/BatchNorm/batchnorm/sub_grad/tuple/control_dependency_2
148.0,6144.0,gradients/inception_v3/mixed_17x17x768f/branch7x7dbl/Conv_1/BatchNorm/batchnorm/sub_grad/tuple/control_dependency_2
151.0,4718592.0,gradients/addNbranch1x1/Conv/_2
151.0,4718592.0,gradients/addNbranch_pool/Conv/_2
151.0,8257536.0,gradients/addNbranch7x7/Conv_2/_2
151.0,8257536.0,gradients/addNbranch7x7dbl/Conv_4/_2
152.0,8257536.0,gradients/addNbranch7x7/Conv_1/_2
152.0,8257536.0,gradients/addNbranch7x7dbl/Conv_3/_2
153.0,4718592.0,gradients/addNbranch7x7/Conv/_2
153.0,8257536.0,gradients/addNbranch7x7dbl/Conv_2/_2
154.0,4718592.0,gradients/addNbranch7x7dbl/Conv/_2
154.0,8257536.0,gradients/addNbranch7x7dbl/Conv_1/_2
154.0,6144.0,gradients/inception_v3/mixed_17x17x768f/branch1x1/Conv/BatchNorm/batchnorm/sub_grad/tuple/control_dependency_3
154.0,6144.0,gradients/inception_v3/mixed_17x17x768f/branch_pool/Conv/BatchNorm/batchnorm/sub_grad/tuple/control_dependency_3
154.0,6144.0,gradients/inception_v3/mixed_17x17x768f/branch7x7/Conv_2/BatchNorm/batchnorm/sub_grad/tuple/control_dependency_3
154.0,6144.0,gradients/inception_v3/mixed_17x17x768f/branch7x7dbl/Conv_4/BatchNorm/batchnorm/sub_grad/tuple/control_dependency_3
155.0,6144.0,gradients/inception_v3/mixed_17x17x768f/branch7x7/Conv_1/BatchNorm/batchnorm/sub_grad/tuple/control_dependency_3
155.0,6144.0,gradients/inception_v3/mixed_17x17x768f/branch7x7dbl/Conv_3/BatchNorm/batchnorm/sub_grad/tuple/control_dependency_3
156.0,6144.0,gradients/inception_v3/mixed_17x17x768f/branch7x7/Conv/BatchNorm/batchnorm/sub_grad/tuple/control_dependency_3
156.0,6144.0,gradients/inception_v3/mixed_17x17x768f/branch7x7dbl/Conv_2/BatchNorm/batchnorm/sub_grad/tuple/control_dependency_3
157.0,6144.0,gradients/inception_v3/mixed_17x17x768f/branch7x7dbl/Conv/BatchNorm/batchnorm/sub_grad/tuple/control_dependency_3
157.0,6144.0,gradients/inception_v3/mixed_17x17x768f/branch7x7dbl/Conv_1/BatchNorm/batchnorm/sub_grad/tuple/control_dependency_3
160.0,4718592.0,gradients/addNbranch1x1/Conv/_3
160.0,4718592.0,gradients/addNbranch_pool/Conv/_3
160.0,8257536.0,gradients/addNbranch7x7/Conv_2/_3
160.0,8257536.0,gradients/addNbranch7x7dbl/Conv_4/_3
161.0,8257536.0,gradients/addNbranch7x7/Conv_1/_3
161.0,8257536.0,gradients/addNbranch7x7dbl/Conv_3/_3
162.0,4718592.0,gradients/addNbranch7x7/Conv/_3
162.0,8257536.0,gradients/addNbranch7x7dbl/Conv_2/_3
163.0,4718592.0,gradients/addNbranch7x7dbl/Conv/_3
163.0,8257536.0,gradients/addNbranch7x7dbl/Conv_1/_3
163.0,6144.0,gradients/inception_v3/mixed_17x17x768f/branch1x1/Conv/BatchNorm/batchnorm/sub_grad/tuple/control_dependency_4
163.0,6144.0,gradients/inception_v3/mixed_17x17x768f/branch_pool/Conv/BatchNorm/batchnorm/sub_grad/tuple/control_dependency_4
163.0,6144.0,gradients/inception_v3/mixed_17x17x768f/branch7x7/Conv_2/BatchNorm/batchnorm/sub_grad/tuple/control_dependency_4
163.0,6144.0,gradients/inception_v3/mixed_17x17x768f/branch7x7dbl/Conv_4/BatchNorm/batchnorm/sub_grad/tuple/control_dependency_4
164.0,6144.0,gradients/inception_v3/mixed_17x17x768f/branch7x7/Conv_1/BatchNorm/batchnorm/sub_grad/tuple/control_dependency_4
164.0,6144.0,gradients/inception_v3/mixed_17x17x768f/branch7x7dbl/Conv_3/BatchNorm/batchnorm/sub_grad/tuple/control_dependency_4
165.0,6144.0,gradients/inception_v3/mixed_17x17x768f/branch7x7/Conv/BatchNorm/batchnorm/sub_grad/tuple/control_dependency_4
165.0,6144.0,gradients/inception_v3/mixed_17x17x768f/branch7x7dbl/Conv_2/BatchNorm/batchnorm/sub_grad/tuple/control_dependency_4
166.0,6144.0,gradients/inception_v3/mixed_17x17x768f/branch7x7dbl/Conv/BatchNorm/batchnorm/sub_grad/tuple/control_dependency_4
166.0,6144.0,gradients/inception_v3/mixed_17x17x768f/branch7x7dbl/Conv_1/BatchNorm/batchnorm/sub_grad/tuple/control_dependency_4
169.0,4718592.0,gradients/addNbranch1x1/Conv/_4
169.0,4718592.0,gradients/addNbranch_pool/Conv/_4
169.0,8257536.0,gradients/addNbranch7x7/Conv_2/_4
169.0,8257536.0,gradients/addNbranch7x7dbl/Conv_4/_4
170.0,8257536.0,gradients/addNbranch7x7/Conv_1/_4
170.0,8257536.0,gradients/addNbranch7x7dbl/Conv_3/_4
171.0,4718592.0,gradients/addNbranch7x7/Conv/_4
171.0,8257536.0,gradients/addNbranch7x7dbl/Conv_2/_4
172.0,4718592.0,gradients/addNbranch7x7dbl/Conv/_4
172.0,8257536.0,gradients/addNbranch7x7dbl/Conv_1/_4
172.0,6144.0,gradients/inception_v3/mixed_17x17x768f/branch1x1/Conv/BatchNorm/batchnorm/sub_grad/tuple/control_dependency_5
172.0,6144.0,gradients/inception_v3/mixed_17x17x768f/branch_pool/Conv/BatchNorm/batchnorm/sub_grad/tuple/control_dependency_5
172.0,6144.0,gradients/inception_v3/mixed_17x17x768f/branch7x7/Conv_2/BatchNorm/batchnorm/sub_grad/tuple/control_dependency_5
172.0,6144.0,gradients/inception_v3/mixed_17x17x768f/branch7x7dbl/Conv_4/BatchNorm/batchnorm/sub_grad/tuple/control_dependency_5
173.0,6144.0,gradients/inception_v3/mixed_17x17x768f/branch7x7/Conv_1/BatchNorm/batchnorm/sub_grad/tuple/control_dependency_5
173.0,6144.0,gradients/inception_v3/mixed_17x17x768f/branch7x7dbl/Conv_3/BatchNorm/batchnorm/sub_grad/tuple/control_dependency_5
174.0,6144.0,gradients/inception_v3/mixed_17x17x768f/branch7x7/Conv/BatchNorm/batchnorm/sub_grad/tuple/control_dependency_5
174.0,6144.0,gradients/inception_v3/mixed_17x17x768f/branch7x7dbl/Conv_2/BatchNorm/batchnorm/sub_grad/tuple/control_dependency_5
175.0,6144.0,gradients/inception_v3/mixed_17x17x768f/branch7x7dbl/Conv/BatchNorm/batchnorm/sub_grad/tuple/control_dependency_5
175.0,6144.0,gradients/inception_v3/mixed_17x17x768f/branch7x7dbl/Conv_1/BatchNorm/batchnorm/sub_grad/tuple/control_dependency_5
178.0,4718592.0,gradients/addNbranch1x1/Conv/_5
178.0,4718592.0,gradients/addNbranch_pool/Conv/_5
178.0,8257536.0,gradients/addNbranch7x7/Conv_2/_5
178.0,8257536.0,gradients/addNbranch7x7dbl/Conv_4/_5
179.0,8257536.0,gradients/addNbranch7x7/Conv_1/_5
179.0,8257536.0,gradients/addNbranch7x7dbl/Conv_3/_5
180.0,4718592.0,gradients/addNbranch7x7/Conv/_5
180.0,8257536.0,gradients/addNbranch7x7dbl/Conv_2/_5
181.0,4718592.0,gradients/addNbranch7x7dbl/Conv/_5
181.0,8257536.0,gradients/addNbranch7x7dbl/Conv_1/_5
181.0,6144.0,gradients/inception_v3/mixed_17x17x768f/branch1x1/Conv/BatchNorm/batchnorm/sub_grad/tuple/control_dependency_6
181.0,6144.0,gradients/inception_v3/mixed_17x17x768f/branch_pool/Conv/BatchNorm/batchnorm/sub_grad/tuple/control_dependency_6
181.0,6144.0,gradients/inception_v3/mixed_17x17x768f/branch7x7/Conv_2/BatchNorm/batchnorm/sub_grad/tuple/control_dependency_6
181.0,6144.0,gradients/inception_v3/mixed_17x17x768f/branch7x7dbl/Conv_4/BatchNorm/batchnorm/sub_grad/tuple/control_dependency_6
182.0,6144.0,gradients/inception_v3/mixed_17x17x768f/branch7x7/Conv_1/BatchNorm/batchnorm/sub_grad/tuple/control_dependency_6
182.0,6144.0,gradients/inception_v3/mixed_17x17x768f/branch7x7dbl/Conv_3/BatchNorm/batchnorm/sub_grad/tuple/control_dependency_6
183.0,6144.0,gradients/inception_v3/mixed_17x17x768f/branch7x7/Conv/BatchNorm/batchnorm/sub_grad/tuple/control_dependency_6
183.0,6144.0,gradients/inception_v3/mixed_17x17x768f/branch7x7dbl/Conv_2/BatchNorm/batchnorm/sub_grad/tuple/control_dependency_6
184.0,6144.0,gradients/inception_v3/mixed_17x17x768f/branch7x7dbl/Conv/BatchNorm/batchnorm/sub_grad/tuple/control_dependency_6
184.0,6144.0,gradients/inception_v3/mixed_17x17x768f/branch7x7dbl/Conv_1/BatchNorm/batchnorm/sub_grad/tuple/control_dependency_6
187.0,4718592.0,gradients/addNbranch1x1/Conv/_6
187.0,4718592.0,gradients/addNbranch_pool/Conv/_6
187.0,8257536.0,gradients/addNbranch7x7/Conv_2/_6
187.0,8257536.0,gradients/addNbranch7x7dbl/Conv_4/_6
188.0,8257536.0,gradients/addNbranch7x7/Conv_1/_6
188.0,8257536.0,gradients/addNbranch7x7dbl/Conv_3/_6
189.0,4718592.0,gradients/addNbranch7x7/Conv/_6
189.0,8257536.0,gradients/addNbranch7x7dbl/Conv_2/_6
190.0,4718592.0,gradients/addNbranch7x7dbl/Conv/_6
190.0,8257536.0,gradients/addNbranch7x7dbl/Conv_1/_6
190.0,6144.0,gradients/inception_v3/mixed_17x17x768f/branch1x1/Conv/BatchNorm/batchnorm/sub_grad/tuple/control_dependency_7
190.0,6144.0,gradients/inception_v3/mixed_17x17x768f/branch_pool/Conv/BatchNorm/batchnorm/sub_grad/tuple/control_dependency_7
190.0,6144.0,gradients/inception_v3/mixed_17x17x768f/branch7x7/Conv_2/BatchNorm/batchnorm/sub_grad/tuple/control_dependency_7
190.0,6144.0,gradients/inception_v3/mixed_17x17x768f/branch7x7dbl/Conv_4/BatchNorm/batchnorm/sub_grad/tuple/control_dependency_7
191.0,6144.0,gradients/inception_v3/mixed_17x17x768f/branch7x7/Conv_1/BatchNorm/batchnorm/sub_grad/tuple/control_dependency_7
191.0,6144.0,gradients/inception_v3/mixed_17x17x768f/branch7x7dbl/Conv_3/BatchNorm/batchnorm/sub_grad/tuple/control_dependency_7
192.0,6144.0,gradients/inception_v3/mixed_17x17x768f/branch7x7/Conv/BatchNorm/batchnorm/sub_grad/tuple/control_dependency_7
192.0,6144.0,gradients/inception_v3/mixed_17x17x768f/branch7x7dbl/Conv_2/BatchNorm/batchnorm/sub_grad/tuple/control_dependency_7
193.0,6144.0,gradients/inception_v3/mixed_17x17x768f/branch7x7dbl/Conv/BatchNorm/batchnorm/sub_grad/tuple/control_dependency_7
193.0,6144.0,gradients/inception_v3/mixed_17x17x768f/branch7x7dbl/Conv_1/BatchNorm/batchnorm/sub_grad/tuple/control_dependency_7
196.0,4718592.0,gradients/addNbranch1x1/Conv/_7
196.0,4718592.0,gradients/addNbranch_pool/Conv/_7
196.0,8257536.0,gradients/addNbranch7x7/Conv_2/_7
196.0,8257536.0,gradients/addNbranch7x7dbl/Conv_4/_7
197.0,8257536.0,gradients/addNbranch7x7/Conv_1/_7
197.0,8257536.0,gradients/addNbranch7x7dbl/Conv_3/_7
198.0,4718592.0,gradients/addNbranch7x7/Conv/_7
198.0,8257536.0,gradients/addNbranch7x7dbl/Conv_2/_7
199.0,4718592.0,gradients/addNbranch7x7dbl/Conv/_7
199.0,8257536.0,gradients/addNbranch7x7dbl/Conv_1/_7
199.0,6144.0,gradients/inception_v3/mixed_17x17x768f/branch1x1/Conv/BatchNorm/batchnorm/sub_grad/tuple/control_dependency_8
199.0,6144.0,gradients/inception_v3/mixed_17x17x768f/branch_pool/Conv/BatchNorm/batchnorm/sub_grad/tuple/control_dependency_8
199.0,6144.0,gradients/inception_v3/mixed_17x17x768f/branch7x7/Conv_2/BatchNorm/batchnorm/sub_grad/tuple/control_dependency_8
199.0,6144.0,gradients/inception_v3/mixed_17x17x768f/branch7x7dbl/Conv_4/BatchNorm/batchnorm/sub_grad/tuple/control_dependency_8
200.0,6144.0,gradients/inception_v3/mixed_17x17x768f/branch7x7/Conv_1/BatchNorm/batchnorm/sub_grad/tuple/control_dependency_8
200.0,6144.0,gradients/inception_v3/mixed_17x17x768f/branch7x7dbl/Conv_3/BatchNorm/batchnorm/sub_grad/tuple/control_dependency_8
201.0,6144.0,gradients/inception_v3/mixed_17x17x768f/branch7x7/Conv/BatchNorm/batchnorm/sub_grad/tuple/control_dependency_8
201.0,6144.0,gradients/inception_v3/mixed_17x17x768f/branch7x7dbl/Conv_2/BatchNorm/batchnorm/sub_grad/tuple/control_dependency_8
202.0,6144.0,gradients/inception_v3/mixed_17x17x768f/branch7x7dbl/Conv/BatchNorm/batchnorm/sub_grad/tuple/control_dependency_8
202.0,6144.0,gradients/inception_v3/mixed_17x17x768f/branch7x7dbl/Conv_1/BatchNorm/batchnorm/sub_grad/tuple/control_dependency_8
205.0,4718592.0,gradients/addNbranch1x1/Conv/_8
205.0,4718592.0,gradients/addNbranch_pool/Conv/_8
205.0,8257536.0,gradients/addNbranch7x7/Conv_2/_8
205.0,8257536.0,gradients/addNbranch7x7dbl/Conv_4/_8
206.0,8257536.0,gradients/addNbranch7x7/Conv_1/_8
206.0,8257536.0,gradients/addNbranch7x7dbl/Conv_3/_8
207.0,4718592.0,gradients/addNbranch7x7/Conv/_8
207.0,8257536.0,gradients/addNbranch7x7dbl/Conv_2/_8
208.0,4718592.0,gradients/addNbranch7x7dbl/Conv/_8
208.0,8257536.0,gradients/addNbranch7x7dbl/Conv_1/_8
208.0,6144.0,gradients/inception_v3/mixed_17x17x768f/branch1x1/Conv/BatchNorm/batchnorm/sub_grad/tuple/control_dependency_9
208.0,6144.0,gradients/inception_v3/mixed_17x17x768f/branch_pool/Conv/BatchNorm/batchnorm/sub_grad/tuple/control_dependency_9
208.0,6144.0,gradients/inception_v3/mixed_17x17x768f/branch7x7/Conv_2/BatchNorm/batchnorm/sub_grad/tuple/control_dependency_9
208.0,6144.0,gradients/inception_v3/mixed_17x17x768f/branch7x7dbl/Conv_4/BatchNorm/batchnorm/sub_grad/tuple/control_dependency_9
209.0,6144.0,gradients/inception_v3/mixed_17x17x768f/branch7x7/Conv_1/BatchNorm/batchnorm/sub_grad/tuple/control_dependency_9
209.0,6144.0,gradients/inception_v3/mixed_17x17x768f/branch7x7dbl/Conv_3/BatchNorm/batchnorm/sub_grad/tuple/control_dependency_9
210.0,6144.0,gradients/inception_v3/mixed_17x17x768f/branch7x7/Conv/BatchNorm/batchnorm/sub_grad/tuple/control_dependency_9
210.0,6144.0,gradients/inception_v3/mixed_17x17x768f/branch7x7dbl/Conv_2/BatchNorm/batchnorm/sub_grad/tuple/control_dependency_9
211.0,6144.0,gradients/inception_v3/mixed_17x17x768f/branch7x7dbl/Conv/BatchNorm/batchnorm/sub_grad/tuple/control_dependency_9
211.0,6144.0,gradients/inception_v3/mixed_17x17x768f/branch7x7dbl/Conv_1/BatchNorm/batchnorm/sub_grad/tuple/control_dependency_9
214.0,4718592.0,gradients/addNbranch1x1/Conv/_9
214.0,4718592.0,gradients/addNbranch_pool/Conv/_9
214.0,8257536.0,gradients/addNbranch7x7/Conv_2/_9
214.0,8257536.0,gradients/addNbranch7x7dbl/Conv_4/_9
215.0,8257536.0,gradients/addNbranch7x7/Conv_1/_9
215.0,8257536.0,gradients/addNbranch7x7dbl/Conv_3/_9
216.0,4718592.0,gradients/addNbranch7x7/Conv/_9
216.0,8257536.0,gradients/addNbranch7x7dbl/Conv_2/_9
217.0,4718592.0,gradients/addNbranch7x7dbl/Conv/_9
217.0,8257536.0,gradients/addNbranch7x7dbl/Conv_1/_9
217.0,6144.0,gradients/inception_v3/mixed_17x17x768f/branch1x1/Conv/BatchNorm/batchnorm/sub_grad/tuple/control_dependency_10
217.0,6144.0,gradients/inception_v3/mixed_17x17x768f/branch_pool/Conv/BatchNorm/batchnorm/sub_grad/tuple/control_dependency_10
217.0,6144.0,gradients/inception_v3/mixed_17x17x768f/branch7x7/Conv_2/BatchNorm/batchnorm/sub_grad/tuple/control_dependency_10
217.0,6144.0,gradients/inception_v3/mixed_17x17x768f/branch7x7dbl/Conv_4/BatchNorm/batchnorm/sub_grad/tuple/control_dependency_10
218.0,6144.0,gradients/inception_v3/mixed_17x17x768f/branch7x7/Conv_1/BatchNorm/batchnorm/sub_grad/tuple/control_dependency_10
218.0,6144.0,gradients/inception_v3/mixed_17x17x768f/branch7x7dbl/Conv_3/BatchNorm/batchnorm/sub_grad/tuple/control_dependency_10
219.0,6144.0,gradients/inception_v3/mixed_17x17x768f/branch7x7/Conv/BatchNorm/batchnorm/sub_grad/tuple/control_dependency_10
219.0,6144.0,gradients/inception_v3/mixed_17x17x768f/branch7x7dbl/Conv_2/BatchNorm/batchnorm/sub_grad/tuple/control_dependency_10
220.0,6144.0,gradients/inception_v3/mixed_17x17x768f/branch7x7dbl/Conv/BatchNorm/batchnorm/sub_grad/tuple/control_dependency_10
220.0,6144.0,gradients/inception_v3/mixed_17x17x768f/branch7x7dbl/Conv_1/BatchNorm/batchnorm/sub_grad/tuple/control_dependency_10
223.0,4718592.0,gradients/addNbranch1x1/Conv/_10
223.0,4718592.0,gradients/addNbranch_pool/Conv/_10
223.0,8257536.0,gradients/addNbranch7x7/Conv_2/_10
223.0,8257536.0,gradients/addNbranch7x7dbl/Conv_4/_10
224.0,8257536.0,gradients/addNbranch7x7/Conv_1/_10
224.0,8257536.0,gradients/addNbranch7x7dbl/Conv_3/_10
225.0,4718592.0,gradients/addNbranch7x7/Conv/_10
225.0,8257536.0,gradients/addNbranch7x7dbl/Conv_2/_10
226.0,4718592.0,gradients/addNbranch7x7dbl/Conv/_10
226.0,8257536.0,gradients/addNbranch7x7dbl/Conv_1/_10
226.0,6144.0,gradients/inception_v3/mixed_17x17x768f/branch1x1/Conv/BatchNorm/batchnorm/sub_grad/tuple/control_dependency_11
226.0,6144.0,gradients/inception_v3/mixed_17x17x768f/branch_pool/Conv/BatchNorm/batchnorm/sub_grad/tuple/control_dependency_11
226.0,6144.0,gradients/inception_v3/mixed_17x17x768f/branch7x7/Conv_2/BatchNorm/batchnorm/sub_grad/tuple/control_dependency_11
226.0,6144.0,gradients/inception_v3/mixed_17x17x768f/branch7x7dbl/Conv_4/BatchNorm/batchnorm/sub_grad/tuple/control_dependency_11
227.0,6144.0,gradients/inception_v3/mixed_17x17x768f/branch7x7/Conv_1/BatchNorm/batchnorm/sub_grad/tuple/control_dependency_11
227.0,6144.0,gradients/inception_v3/mixed_17x17x768f/branch7x7dbl/Conv_3/BatchNorm/batchnorm/sub_grad/tuple/control_dependency_11
228.0,6144.0,gradients/inception_v3/mixed_17x17x768f/branch7x7/Conv/BatchNorm/batchnorm/sub_grad/tuple/control_dependency_11
228.0,6144.0,gradients/inception_v3/mixed_17x17x768f/branch7x7dbl/Conv_2/BatchNorm/batchnorm/sub_grad/tuple/control_dependency_11
229.0,6144.0,gradients/inception_v3/mixed_17x17x768f/branch7x7dbl/Conv/BatchNorm/batchnorm/sub_grad/tuple/control_dependency_11
229.0,6144.0,gradients/inception_v3/mixed_17x17x768f/branch7x7dbl/Conv_1/BatchNorm/batchnorm/sub_grad/tuple/control_dependency_11
232.0,4718592.0,gradients/addNbranch1x1/Conv/_11
232.0,4718592.0,gradients/addNbranch_pool/Conv/_11
232.0,8257536.0,gradients/addNbranch7x7/Conv_2/_11
232.0,8257536.0,gradients/addNbranch7x7dbl/Conv_4/_11
233.0,8257536.0,gradients/addNbranch7x7/Conv_1/_11
233.0,8257536.0,gradients/addNbranch7x7dbl/Conv_3/_11
234.0,4718592.0,gradients/addNbranch7x7/Conv/_11
234.0,8257536.0,gradients/addNbranch7x7dbl/Conv_2/_11
235.0,4718592.0,gradients/addNbranch7x7dbl/Conv/_11
235.0,8257536.0,gradients/addNbranch7x7dbl/Conv_1/_11
235.0,6144.0,gradients/inception_v3/mixed_17x17x768f/branch1x1/Conv/BatchNorm/batchnorm/sub_grad/tuple/control_dependency_12
235.0,6144.0,gradients/inception_v3/mixed_17x17x768f/branch_pool/Conv/BatchNorm/batchnorm/sub_grad/tuple/control_dependency_12
235.0,6144.0,gradients/inception_v3/mixed_17x17x768f/branch7x7/Conv_2/BatchNorm/batchnorm/sub_grad/tuple/control_dependency_12
235.0,6144.0,gradients/inception_v3/mixed_17x17x768f/branch7x7dbl/Conv_4/BatchNorm/batchnorm/sub_grad/tuple/control_dependency_12
236.0,6144.0,gradients/inception_v3/mixed_17x17x768f/branch7x7/Conv_1/BatchNorm/batchnorm/sub_grad/tuple/control_dependency_12
236.0,6144.0,gradients/inception_v3/mixed_17x17x768f/branch7x7dbl/Conv_3/BatchNorm/batchnorm/sub_grad/tuple/control_dependency_12
237.0,6144.0,gradients/inception_v3/mixed_17x17x768f/branch7x7/Conv/BatchNorm/batchnorm/sub_grad/tuple/control_dependency_12
237.0,6144.0,gradients/inception_v3/mixed_17x17x768f/branch7x7dbl/Conv_2/BatchNorm/batchnorm/sub_grad/tuple/control_dependency_12
238.0,6144.0,gradients/inception_v3/mixed_17x17x768f/branch7x7dbl/Conv/BatchNorm/batchnorm/sub_grad/tuple/control_dependency_12
238.0,6144.0,gradients/inception_v3/mixed_17x17x768f/branch7x7dbl/Conv_1/BatchNorm/batchnorm/sub_grad/tuple/control_dependency_12
241.0,4718592.0,gradients/addNbranch1x1/Conv/_12
241.0,4718592.0,gradients/addNbranch_pool/Conv/_12
241.0,8257536.0,gradients/addNbranch7x7/Conv_2/_12
241.0,8257536.0,gradients/addNbranch7x7dbl/Conv_4/_12
242.0,8257536.0,gradients/addNbranch7x7/Conv_1/_12
242.0,8257536.0,gradients/addNbranch7x7dbl/Conv_3/_12
243.0,4718592.0,gradients/addNbranch7x7/Conv/_12
243.0,8257536.0,gradients/addNbranch7x7dbl/Conv_2/_12
244.0,4718592.0,gradients/addNbranch7x7dbl/Conv/_12
244.0,8257536.0,gradients/addNbranch7x7dbl/Conv_1/_12
244.0,6144.0,gradients/inception_v3/mixed_17x17x768f/branch1x1/Conv/BatchNorm/batchnorm/sub_grad/tuple/control_dependency_13
244.0,6144.0,gradients/inception_v3/mixed_17x17x768f/branch_pool/Conv/BatchNorm/batchnorm/sub_grad/tuple/control_dependency_13
244.0,6144.0,gradients/inception_v3/mixed_17x17x768f/branch7x7/Conv_2/BatchNorm/batchnorm/sub_grad/tuple/control_dependency_13
244.0,6144.0,gradients/inception_v3/mixed_17x17x768f/branch7x7dbl/Conv_4/BatchNorm/batchnorm/sub_grad/tuple/control_dependency_13
245.0,6144.0,gradients/inception_v3/mixed_17x17x768f/branch7x7/Conv_1/BatchNorm/batchnorm/sub_grad/tuple/control_dependency_13
245.0,6144.0,gradients/inception_v3/mixed_17x17x768f/branch7x7dbl/Conv_3/BatchNorm/batchnorm/sub_grad/tuple/control_dependency_13
246.0,6144.0,gradients/inception_v3/mixed_17x17x768f/branch7x7/Conv/BatchNorm/batchnorm/sub_grad/tuple/control_dependency_13
246.0,6144.0,gradients/inception_v3/mixed_17x17x768f/branch7x7dbl/Conv_2/BatchNorm/batchnorm/sub_grad/tuple/control_dependency_13
247.0,6144.0,gradients/inception_v3/mixed_17x17x768f/branch7x7dbl/Conv/BatchNorm/batchnorm/sub_grad/tuple/control_dependency_13
247.0,6144.0,gradients/inception_v3/mixed_17x17x768f/branch7x7dbl/Conv_1/BatchNorm/batchnorm/sub_grad/tuple/control_dependency_13
250.0,4718592.0,gradients/addNbranch1x1/Conv/_13
250.0,4718592.0,gradients/addNbranch_pool/Conv/_13
250.0,8257536.0,gradients/addNbranch7x7/Conv_2/_13
250.0,8257536.0,gradients/addNbranch7x7dbl/Conv_4/_13
251.0,8257536.0,gradients/addNbranch7x7/Conv_1/_13
251.0,8257536.0,gradients/addNbranch7x7dbl/Conv_3/_13
252.0,4718592.0,gradients/addNbranch7x7/Conv/_13
252.0,8257536.0,gradients/addNbranch7x7dbl/Conv_2/_13
253.0,4718592.0,gradients/addNbranch7x7dbl/Conv/_13
253.0,8257536.0,gradients/addNbranch7x7dbl/Conv_1/_13
253.0,6144.0,gradients/inception_v3/mixed_17x17x768f/branch1x1/Conv/BatchNorm/batchnorm/sub_grad/tuple/control_dependency_14
253.0,6144.0,gradients/inception_v3/mixed_17x17x768f/branch_pool/Conv/BatchNorm/batchnorm/sub_grad/tuple/control_dependency_14
253.0,6144.0,gradients/inception_v3/mixed_17x17x768f/branch7x7/Conv_2/BatchNorm/batchnorm/sub_grad/tuple/control_dependency_14
253.0,6144.0,gradients/inception_v3/mixed_17x17x768f/branch7x7dbl/Conv_4/BatchNorm/batchnorm/sub_grad/tuple/control_dependency_14
254.0,6144.0,gradients/inception_v3/mixed_17x17x768f/branch7x7/Conv_1/BatchNorm/batchnorm/sub_grad/tuple/control_dependency_14
254.0,6144.0,gradients/inception_v3/mixed_17x17x768f/branch7x7dbl/Conv_3/BatchNorm/batchnorm/sub_grad/tuple/control_dependency_14
255.0,6144.0,gradients/inception_v3/mixed_17x17x768f/branch7x7/Conv/BatchNorm/batchnorm/sub_grad/tuple/control_dependency_14
255.0,6144.0,gradients/inception_v3/mixed_17x17x768f/branch7x7dbl/Conv_2/BatchNorm/batchnorm/sub_grad/tuple/control_dependency_14
256.0,6144.0,gradients/inception_v3/mixed_17x17x768f/branch7x7dbl/Conv/BatchNorm/batchnorm/sub_grad/tuple/control_dependency_14
256.0,6144.0,gradients/inception_v3/mixed_17x17x768f/branch7x7dbl/Conv_1/BatchNorm/batchnorm/sub_grad/tuple/control_dependency_14
259.0,4718592.0,gradients/addNbranch1x1/Conv/_14
259.0,4718592.0,gradients/addNbranch_pool/Conv/_14
259.0,8257536.0,gradients/addNbranch7x7/Conv_2/_14
259.0,8257536.0,gradients/addNbranch7x7dbl/Conv_4/_14
260.0,8257536.0,gradients/addNbranch7x7/Conv_1/_14
260.0,8257536.0,gradients/addNbranch7x7dbl/Conv_3/_14
261.0,4718592.0,gradients/addNbranch7x7/Conv/_14
261.0,8257536.0,gradients/addNbranch7x7dbl/Conv_2/_14
262.0,4718592.0,gradients/addNbranch7x7dbl/Conv/_14
262.0,8257536.0,gradients/addNbranch7x7dbl/Conv_1/_14
262.0,6144.0,gradients/inception_v3/mixed_17x17x768f/branch1x1/Conv/BatchNorm/batchnorm/sub_grad/tuple/control_dependency_15
262.0,6144.0,gradients/inception_v3/mixed_17x17x768f/branch_pool/Conv/BatchNorm/batchnorm/sub_grad/tuple/control_dependency_15
262.0,6144.0,gradients/inception_v3/mixed_17x17x768f/branch7x7/Conv_2/BatchNorm/batchnorm/sub_grad/tuple/control_dependency_15
262.0,6144.0,gradients/inception_v3/mixed_17x17x768f/branch7x7dbl/Conv_4/BatchNorm/batchnorm/sub_grad/tuple/control_dependency_15
263.0,6144.0,gradients/inception_v3/mixed_17x17x768f/branch7x7/Conv_1/BatchNorm/batchnorm/sub_grad/tuple/control_dependency_15
263.0,6144.0,gradients/inception_v3/mixed_17x17x768f/branch7x7dbl/Conv_3/BatchNorm/batchnorm/sub_grad/tuple/control_dependency_15
264.0,6144.0,gradients/inception_v3/mixed_17x17x768f/branch7x7/Conv/BatchNorm/batchnorm/sub_grad/tuple/control_dependency_15
264.0,6144.0,gradients/inception_v3/mixed_17x17x768f/branch7x7dbl/Conv_2/BatchNorm/batchnorm/sub_grad/tuple/control_dependency_15
265.0,6144.0,gradients/inception_v3/mixed_17x17x768f/branch7x7dbl/Conv/BatchNorm/batchnorm/sub_grad/tuple/control_dependency_15
265.0,6144.0,gradients/inception_v3/mixed_17x17x768f/branch7x7dbl/Conv_1/BatchNorm/batchnorm/sub_grad/tuple/control_dependency_15
268.0,4718592.0,gradients/addNbranch1x1/Conv/_15
268.0,4718592.0,gradients/addNbranch_pool/Conv/_15
268.0,8257536.0,gradients/addNbranch7x7/Conv_2/_15
268.0,8257536.0,gradients/addNbranch7x7dbl/Conv_4/_15
269.0,8257536.0,gradients/addNbranch7x7/Conv_1/_15
269.0,8257536.0,gradients/addNbranch7x7dbl/Conv_3/_15
270.0,4718592.0,gradients/addNbranch7x7/Conv/_15
270.0,8257536.0,gradients/addNbranch7x7dbl/Conv_2/_15
271.0,4718592.0,gradients/addNbranch7x7dbl/Conv/_15
271.0,8257536.0,gradients/addNbranch7x7dbl/Conv_1/_15
271.0,6144.0,gradients/inception_v3/mixed_17x17x768f/branch1x1/Conv/BatchNorm/batchnorm/sub_grad/tuple/control_dependency_16
271.0,6144.0,gradients/inception_v3/mixed_17x17x768f/branch_pool/Conv/BatchNorm/batchnorm/sub_grad/tuple/control_dependency_16
271.0,6144.0,gradients/inception_v3/mixed_17x17x768f/branch7x7/Conv_2/BatchNorm/batchnorm/sub_grad/tuple/control_dependency_16
271.0,6144.0,gradients/inception_v3/mixed_17x17x768f/branch7x7dbl/Conv_4/BatchNorm/batchnorm/sub_grad/tuple/control_dependency_16
272.0,6144.0,gradients/inception_v3/mixed_17x17x768f/branch7x7/Conv_1/BatchNorm/batchnorm/sub_grad/tuple/control_dependency_16
272.0,6144.0,gradients/inception_v3/mixed_17x17x768f/branch7x7dbl/Conv_3/BatchNorm/batchnorm/sub_grad/tuple/control_dependency_16
273.0,6144.0,gradients/inception_v3/mixed_17x17x768f/branch7x7/Conv/BatchNorm/batchnorm/sub_grad/tuple/control_dependency_16
273.0,6144.0,gradients/inception_v3/mixed_17x17x768f/branch7x7dbl/Conv_2/BatchNorm/batchnorm/sub_grad/tuple/control_dependency_16
274.0,6144.0,gradients/inception_v3/mixed_17x17x768f/branch7x7dbl/Conv/BatchNorm/batchnorm/sub_grad/tuple/control_dependency_16
274.0,6144.0,gradients/inception_v3/mixed_17x17x768f/branch7x7dbl/Conv_1/BatchNorm/batchnorm/sub_grad/tuple/control_dependency_16
277.0,4718592.0,gradients/addNbranch1x1/Conv/_16
277.0,4718592.0,gradients/addNbranch_pool/Conv/_16
277.0,8257536.0,gradients/addNbranch7x7/Conv_2/_16
277.0,8257536.0,gradients/addNbranch7x7dbl/Conv_4/_16
278.0,8257536.0,gradients/addNbranch7x7/Conv_1/_16
278.0,8257536.0,gradients/addNbranch7x7dbl/Conv_3/_16
279.0,4718592.0,gradients/addNbranch7x7/Conv/_16
279.0,8257536.0,gradients/addNbranch7x7dbl/Conv_2/_16
280.0,4718592.0,gradients/addNbranch7x7dbl/Conv/_16
280.0,8257536.0,gradients/addNbranch7x7dbl/Conv_1/_16
280.0,6144.0,gradients/inception_v3/mixed_17x17x768f/branch1x1/Conv/BatchNorm/batchnorm/sub_grad/tuple/control_dependency_17
280.0,6144.0,gradients/inception_v3/mixed_17x17x768f/branch_pool/Conv/BatchNorm/batchnorm/sub_grad/tuple/control_dependency_17
280.0,6144.0,gradients/inception_v3/mixed_17x17x768f/branch7x7/Conv_2/BatchNorm/batchnorm/sub_grad/tuple/control_dependency_17
280.0,6144.0,gradients/inception_v3/mixed_17x17x768f/branch7x7dbl/Conv_4/BatchNorm/batchnorm/sub_grad/tuple/control_dependency_17
281.0,6144.0,gradients/inception_v3/mixed_17x17x768f/branch7x7/Conv_1/BatchNorm/batchnorm/sub_grad/tuple/control_dependency_17
281.0,6144.0,gradients/inception_v3/mixed_17x17x768f/branch7x7dbl/Conv_3/BatchNorm/batchnorm/sub_grad/tuple/control_dependency_17
282.0,6144.0,gradients/inception_v3/mixed_17x17x768f/branch7x7/Conv/BatchNorm/batchnorm/sub_grad/tuple/control_dependency_17
282.0,6144.0,gradients/inception_v3/mixed_17x17x768f/branch7x7dbl/Conv_2/BatchNorm/batchnorm/sub_grad/tuple/control_dependency_17
283.0,6144.0,gradients/inception_v3/mixed_17x17x768f/branch7x7dbl/Conv/BatchNorm/batchnorm/sub_grad/tuple/control_dependency_17
283.0,6144.0,gradients/inception_v3/mixed_17x17x768f/branch7x7dbl/Conv_1/BatchNorm/batchnorm/sub_grad/tuple/control_dependency_17
286.0,4718592.0,gradients/addNbranch1x1/Conv/_17
286.0,4718592.0,gradients/addNbranch_pool/Conv/_17
286.0,8257536.0,gradients/addNbranch7x7/Conv_2/_17
286.0,8257536.0,gradients/addNbranch7x7dbl/Conv_4/_17
287.0,8257536.0,gradients/addNbranch7x7/Conv_1/_17
287.0,8257536.0,gradients/addNbranch7x7dbl/Conv_3/_17
288.0,4718592.0,gradients/addNbranch7x7/Conv/_17
288.0,8257536.0,gradients/addNbranch7x7dbl/Conv_2/_17
289.0,4718592.0,gradients/addNbranch7x7dbl/Conv/_17
289.0,8257536.0,gradients/addNbranch7x7dbl/Conv_1/_17
289.0,6144.0,gradients/inception_v3/mixed_17x17x768f/branch1x1/Conv/BatchNorm/batchnorm/sub_grad/tuple/control_dependency_18
289.0,6144.0,gradients/inception_v3/mixed_17x17x768f/branch_pool/Conv/BatchNorm/batchnorm/sub_grad/tuple/control_dependency_18
289.0,6144.0,gradients/inception_v3/mixed_17x17x768f/branch7x7/Conv_2/BatchNorm/batchnorm/sub_grad/tuple/control_dependency_18
289.0,6144.0,gradients/inception_v3/mixed_17x17x768f/branch7x7dbl/Conv_4/BatchNorm/batchnorm/sub_grad/tuple/control_dependency_18
290.0,6144.0,gradients/inception_v3/mixed_17x17x768f/branch7x7/Conv_1/BatchNorm/batchnorm/sub_grad/tuple/control_dependency_18
290.0,6144.0,gradients/inception_v3/mixed_17x17x768f/branch7x7dbl/Conv_3/BatchNorm/batchnorm/sub_grad/tuple/control_dependency_18
291.0,6144.0,gradients/inception_v3/mixed_17x17x768f/branch7x7/Conv/BatchNorm/batchnorm/sub_grad/tuple/control_dependency_18
291.0,6144.0,gradients/inception_v3/mixed_17x17x768f/branch7x7dbl/Conv_2/BatchNorm/batchnorm/sub_grad/tuple/control_dependency_18
292.0,6144.0,gradients/inception_v3/mixed_17x17x768f/branch7x7dbl/Conv/BatchNorm/batchnorm/sub_grad/tuple/control_dependency_18
292.0,6144.0,gradients/inception_v3/mixed_17x17x768f/branch7x7dbl/Conv_1/BatchNorm/batchnorm/sub_grad/tuple/control_dependency_18
295.0,4718592.0,gradients/addNbranch1x1/Conv/_18
295.0,4718592.0,gradients/addNbranch_pool/Conv/_18
295.0,8257536.0,gradients/addNbranch7x7/Conv_2/_18
295.0,8257536.0,gradients/addNbranch7x7dbl/Conv_4/_18
296.0,8257536.0,gradients/addNbranch7x7/Conv_1/_18
296.0,8257536.0,gradients/addNbranch7x7dbl/Conv_3/_18
297.0,4718592.0,gradients/addNbranch7x7/Conv/_18
297.0,8257536.0,gradients/addNbranch7x7dbl/Conv_2/_18
298.0,4718592.0,gradients/addNbranch7x7dbl/Conv/_18
298.0,8257536.0,gradients/addNbranch7x7dbl/Conv_1/_18
298.0,6144.0,gradients/inception_v3/mixed_17x17x768f/branch1x1/Conv/BatchNorm/batchnorm/sub_grad/tuple/control_dependency_19
298.0,6144.0,gradients/inception_v3/mixed_17x17x768f/branch_pool/Conv/BatchNorm/batchnorm/sub_grad/tuple/control_dependency_19
298.0,6144.0,gradients/inception_v3/mixed_17x17x768f/branch7x7/Conv_2/BatchNorm/batchnorm/sub_grad/tuple/control_dependency_19
298.0,6144.0,gradients/inception_v3/mixed_17x17x768f/branch7x7dbl/Conv_4/BatchNorm/batchnorm/sub_grad/tuple/control_dependency_19
299.0,6144.0,gradients/inception_v3/mixed_17x17x768f/branch7x7/Conv_1/BatchNorm/batchnorm/sub_grad/tuple/control_dependency_19
299.0,6144.0,gradients/inception_v3/mixed_17x17x768f/branch7x7dbl/Conv_3/BatchNorm/batchnorm/sub_grad/tuple/control_dependency_19
300.0,6144.0,gradients/inception_v3/mixed_17x17x768f/branch7x7/Conv/BatchNorm/batchnorm/sub_grad/tuple/control_dependency_19
300.0,6144.0,gradients/inception_v3/mixed_17x17x768f/branch7x7dbl/Conv_2/BatchNorm/batchnorm/sub_grad/tuple/control_dependency_19
301.0,6144.0,gradients/inception_v3/mixed_17x17x768f/branch7x7dbl/Conv/BatchNorm/batchnorm/sub_grad/tuple/control_dependency_19
301.0,6144.0,gradients/inception_v3/mixed_17x17x768f/branch7x7dbl/Conv_1/BatchNorm/batchnorm/sub_grad/tuple/control_dependency_19
304.0,4718592.0,gradients/addNbranch1x1/Conv/_19
304.0,4718592.0,gradients/addNbranch_pool/Conv/_19
304.0,8257536.0,gradients/addNbranch7x7/Conv_2/_19
304.0,8257536.0,gradients/addNbranch7x7dbl/Conv_4/_19
305.0,8257536.0,gradients/addNbranch7x7/Conv_1/_19
305.0,8257536.0,gradients/addNbranch7x7dbl/Conv_3/_19
306.0,4718592.0,gradients/addNbranch7x7/Conv/_19
306.0,8257536.0,gradients/addNbranch7x7dbl/Conv_2/_19
307.0,4718592.0,gradients/addNbranch7x7dbl/Conv/_19
307.0,8257536.0,gradients/addNbranch7x7dbl/Conv_1/_19
307.0,6144.0,gradients/inception_v3/mixed_17x17x768f/branch1x1/Conv/BatchNorm/batchnorm/sub_grad/tuple/control_dependency_20
307.0,6144.0,gradients/inception_v3/mixed_17x17x768f/branch_pool/Conv/BatchNorm/batchnorm/sub_grad/tuple/control_dependency_20
307.0,6144.0,gradients/inception_v3/mixed_17x17x768f/branch7x7/Conv_2/BatchNorm/batchnorm/sub_grad/tuple/control_dependency_20
307.0,6144.0,gradients/inception_v3/mixed_17x17x768f/branch7x7dbl/Conv_4/BatchNorm/batchnorm/sub_grad/tuple/control_dependency_20
308.0,6144.0,gradients/inception_v3/mixed_17x17x768f/branch7x7/Conv_1/BatchNorm/batchnorm/sub_grad/tuple/control_dependency_20
308.0,6144.0,gradients/inception_v3/mixed_17x17x768f/branch7x7dbl/Conv_3/BatchNorm/batchnorm/sub_grad/tuple/control_dependency_20
309.0,6144.0,gradients/inception_v3/mixed_17x17x768f/branch7x7/Conv/BatchNorm/batchnorm/sub_grad/tuple/control_dependency_20
309.0,6144.0,gradients/inception_v3/mixed_17x17x768f/branch7x7dbl/Conv_2/BatchNorm/batchnorm/sub_grad/tuple/control_dependency_20
310.0,6144.0,gradients/inception_v3/mixed_17x17x768f/branch7x7dbl/Conv/BatchNorm/batchnorm/sub_grad/tuple/control_dependency_20
310.0,6144.0,gradients/inception_v3/mixed_17x17x768f/branch7x7dbl/Conv_1/BatchNorm/batchnorm/sub_grad/tuple/control_dependency_20
313.0,4718592.0,gradients/addNbranch1x1/Conv/_20
313.0,4718592.0,gradients/addNbranch_pool/Conv/_20
313.0,8257536.0,gradients/addNbranch7x7/Conv_2/_20
313.0,8257536.0,gradients/addNbranch7x7dbl/Conv_4/_20
314.0,8257536.0,gradients/addNbranch7x7/Conv_1/_20
314.0,8257536.0,gradients/addNbranch7x7dbl/Conv_3/_20
315.0,4718592.0,gradients/addNbranch7x7/Conv/_20
315.0,8257536.0,gradients/addNbranch7x7dbl/Conv_2/_20
316.0,4718592.0,gradients/addNbranch7x7dbl/Conv/_20
316.0,8257536.0,gradients/addNbranch7x7dbl/Conv_1/_20
316.0,6144.0,gradients/inception_v3/mixed_17x17x768f/branch1x1/Conv/BatchNorm/batchnorm/sub_grad/tuple/control_dependency_21
316.0,6144.0,gradients/inception_v3/mixed_17x17x768f/branch_pool/Conv/BatchNorm/batchnorm/sub_grad/tuple/control_dependency_21
316.0,6144.0,gradients/inception_v3/mixed_17x17x768f/branch7x7/Conv_2/BatchNorm/batchnorm/sub_grad/tuple/control_dependency_21
316.0,6144.0,gradients/inception_v3/mixed_17x17x768f/branch7x7dbl/Conv_4/BatchNorm/batchnorm/sub_grad/tuple/control_dependency_21
317.0,6144.0,gradients/inception_v3/mixed_17x17x768f/branch7x7/Conv_1/BatchNorm/batchnorm/sub_grad/tuple/control_dependency_21
317.0,6144.0,gradients/inception_v3/mixed_17x17x768f/branch7x7dbl/Conv_3/BatchNorm/batchnorm/sub_grad/tuple/control_dependency_21
318.0,6144.0,gradients/inception_v3/mixed_17x17x768f/branch7x7/Conv/BatchNorm/batchnorm/sub_grad/tuple/control_dependency_21
318.0,6144.0,gradients/inception_v3/mixed_17x17x768f/branch7x7dbl/Conv_2/BatchNorm/batchnorm/sub_grad/tuple/control_dependency_21
319.0,6144.0,gradients/inception_v3/mixed_17x17x768f/branch7x7dbl/Conv/BatchNorm/batchnorm/sub_grad/tuple/control_dependency_21
319.0,6144.0,gradients/inception_v3/mixed_17x17x768f/branch7x7dbl/Conv_1/BatchNorm/batchnorm/sub_grad/tuple/control_dependency_21
322.0,4718592.0,gradients/addNbranch1x1/Conv/_21
322.0,4718592.0,gradients/addNbranch_pool/Conv/_21
322.0,8257536.0,gradients/addNbranch7x7/Conv_2/_21
322.0,8257536.0,gradients/addNbranch7x7dbl/Conv_4/_21
323.0,8257536.0,gradients/addNbranch7x7/Conv_1/_21
323.0,8257536.0,gradients/addNbranch7x7dbl/Conv_3/_21
324.0,4718592.0,gradients/addNbranch7x7/Conv/_21
324.0,8257536.0,gradients/addNbranch7x7dbl/Conv_2/_21
325.0,4718592.0,gradients/addNbranch7x7dbl/Conv/_21
325.0,8257536.0,gradients/addNbranch7x7dbl/Conv_1/_21
325.0,6144.0,gradients/inception_v3/mixed_17x17x768f/branch1x1/Conv/BatchNorm/batchnorm/sub_grad/tuple/control_dependency_22
325.0,6144.0,gradients/inception_v3/mixed_17x17x768f/branch_pool/Conv/BatchNorm/batchnorm/sub_grad/tuple/control_dependency_22
325.0,6144.0,gradients/inception_v3/mixed_17x17x768f/branch7x7/Conv_2/BatchNorm/batchnorm/sub_grad/tuple/control_dependency_22
325.0,6144.0,gradients/inception_v3/mixed_17x17x768f/branch7x7dbl/Conv_4/BatchNorm/batchnorm/sub_grad/tuple/control_dependency_22
326.0,6144.0,gradients/inception_v3/mixed_17x17x768f/branch7x7/Conv_1/BatchNorm/batchnorm/sub_grad/tuple/control_dependency_22
326.0,6144.0,gradients/inception_v3/mixed_17x17x768f/branch7x7dbl/Conv_3/BatchNorm/batchnorm/sub_grad/tuple/control_dependency_22
327.0,6144.0,gradients/inception_v3/mixed_17x17x768f/branch7x7/Conv/BatchNorm/batchnorm/sub_grad/tuple/control_dependency_22
327.0,6144.0,gradients/inception_v3/mixed_17x17x768f/branch7x7dbl/Conv_2/BatchNorm/batchnorm/sub_grad/tuple/control_dependency_22
328.0,6144.0,gradients/inception_v3/mixed_17x17x768f/branch7x7dbl/Conv/BatchNorm/batchnorm/sub_grad/tuple/control_dependency_22
328.0,6144.0,gradients/inception_v3/mixed_17x17x768f/branch7x7dbl/Conv_1/BatchNorm/batchnorm/sub_grad/tuple/control_dependency_22
331.0,4718592.0,gradients/addNbranch1x1/Conv/_22
331.0,4718592.0,gradients/addNbranch_pool/Conv/_22
331.0,8257536.0,gradients/addNbranch7x7/Conv_2/_22
331.0,8257536.0,gradients/addNbranch7x7dbl/Conv_4/_22
332.0,8257536.0,gradients/addNbranch7x7/Conv_1/_22
332.0,8257536.0,gradients/addNbranch7x7dbl/Conv_3/_22
333.0,4718592.0,gradients/addNbranch7x7/Conv/_22
333.0,8257536.0,gradients/addNbranch7x7dbl/Conv_2/_22
334.0,4718592.0,gradients/addNbranch7x7dbl/Conv/_22
334.0,8257536.0,gradients/addNbranch7x7dbl/Conv_1/_22
334.0,6144.0,gradients/inception_v3/mixed_17x17x768f/branch1x1/Conv/BatchNorm/batchnorm/sub_grad/tuple/control_dependency_23
334.0,6144.0,gradients/inception_v3/mixed_17x17x768f/branch_pool/Conv/BatchNorm/batchnorm/sub_grad/tuple/control_dependency_23
334.0,6144.0,gradients/inception_v3/mixed_17x17x768f/branch7x7/Conv_2/BatchNorm/batchnorm/sub_grad/tuple/control_dependency_23
334.0,6144.0,gradients/inception_v3/mixed_17x17x768f/branch7x7dbl/Conv_4/BatchNorm/batchnorm/sub_grad/tuple/control_dependency_23
335.0,6144.0,gradients/inception_v3/mixed_17x17x768f/branch7x7/Conv_1/BatchNorm/batchnorm/sub_grad/tuple/control_dependency_23
335.0,6144.0,gradients/inception_v3/mixed_17x17x768f/branch7x7dbl/Conv_3/BatchNorm/batchnorm/sub_grad/tuple/control_dependency_23
336.0,6144.0,gradients/inception_v3/mixed_17x17x768f/branch7x7/Conv/BatchNorm/batchnorm/sub_grad/tuple/control_dependency_23
336.0,6144.0,gradients/inception_v3/mixed_17x17x768f/branch7x7dbl/Conv_2/BatchNorm/batchnorm/sub_grad/tuple/control_dependency_23
337.0,6144.0,gradients/inception_v3/mixed_17x17x768f/branch7x7dbl/Conv/BatchNorm/batchnorm/sub_grad/tuple/control_dependency_23
337.0,6144.0,gradients/inception_v3/mixed_17x17x768f/branch7x7dbl/Conv_1/BatchNorm/batchnorm/sub_grad/tuple/control_dependency_23
340.0,4718592.0,gradients/addNbranch1x1/Conv/_23
340.0,4718592.0,gradients/addNbranch_pool/Conv/_23
340.0,8257536.0,gradients/addNbranch7x7/Conv_2/_23
340.0,8257536.0,gradients/addNbranch7x7dbl/Conv_4/_23
341.0,8257536.0,gradients/addNbranch7x7/Conv_1/_23
341.0,8257536.0,gradients/addNbranch7x7dbl/Conv_3/_23
342.0,4718592.0,gradients/addNbranch7x7/Conv/_23
342.0,8257536.0,gradients/addNbranch7x7dbl/Conv_2/_23
343.0,4718592.0,gradients/addNbranch7x7dbl/Conv/_23
343.0,8257536.0,gradients/addNbranch7x7dbl/Conv_1/_23
343.0,6144.0,gradients/inception_v3/mixed_17x17x768f/branch1x1/Conv/BatchNorm/batchnorm/sub_grad/tuple/control_dependency_24
343.0,6144.0,gradients/inception_v3/mixed_17x17x768f/branch_pool/Conv/BatchNorm/batchnorm/sub_grad/tuple/control_dependency_24
343.0,6144.0,gradients/inception_v3/mixed_17x17x768f/branch7x7/Conv_2/BatchNorm/batchnorm/sub_grad/tuple/control_dependency_24
343.0,6144.0,gradients/inception_v3/mixed_17x17x768f/branch7x7dbl/Conv_4/BatchNorm/batchnorm/sub_grad/tuple/control_dependency_24
344.0,6144.0,gradients/inception_v3/mixed_17x17x768f/branch7x7/Conv_1/BatchNorm/batchnorm/sub_grad/tuple/control_dependency_24
344.0,6144.0,gradients/inception_v3/mixed_17x17x768f/branch7x7dbl/Conv_3/BatchNorm/batchnorm/sub_grad/tuple/control_dependency_24
345.0,6144.0,gradients/inception_v3/mixed_17x17x768f/branch7x7/Conv/BatchNorm/batchnorm/sub_grad/tuple/control_dependency_24
345.0,6144.0,gradients/inception_v3/mixed_17x17x768f/branch7x7dbl/Conv_2/BatchNorm/batchnorm/sub_grad/tuple/control_dependency_24
346.0,6144.0,gradients/inception_v3/mixed_17x17x768f/branch7x7dbl/Conv/BatchNorm/batchnorm/sub_grad/tuple/control_dependency_24
346.0,6144.0,gradients/inception_v3/mixed_17x17x768f/branch7x7dbl/Conv_1/BatchNorm/batchnorm/sub_grad/tuple/control_dependency_24
349.0,4718592.0,gradients/addNbranch1x1/Conv/_24
349.0,4718592.0,gradients/addNbranch_pool/Conv/_24
349.0,8257536.0,gradients/addNbranch7x7/Conv_2/_24
349.0,8257536.0,gradients/addNbranch7x7dbl/Conv_4/_24
350.0,8257536.0,gradients/addNbranch7x7/Conv_1/_24
350.0,8257536.0,gradients/addNbranch7x7dbl/Conv_3/_24
351.0,4718592.0,gradients/addNbranch7x7/Conv/_24
351.0,8257536.0,gradients/addNbranch7x7dbl/Conv_2/_24
352.0,6144.0,gradients/inception_v3/mixed_17x17x768e/branch1x1/Conv/BatchNorm/batchnorm/sub_grad/tuple/control_dependency
352.0,6144.0,gradients/inception_v3/mixed_17x17x768e/branch_pool/Conv/BatchNorm/batchnorm/sub_grad/tuple/control_dependency
352.0,6144.0,gradients/inception_v3/mixed_17x17x768e/branch7x7/Conv_2/BatchNorm/batchnorm/sub_grad/tuple/control_dependency
352.0,6144.0,gradients/inception_v3/mixed_17x17x768e/branch7x7dbl/Conv_4/BatchNorm/batchnorm/sub_grad/tuple/control_dependency
352.0,4718592.0,gradients/addNbranch7x7dbl/Conv/_24
352.0,8257536.0,gradients/addNbranch7x7dbl/Conv_1/_24
353.0,6144.0,gradients/inception_v3/mixed_17x17x768e/branch7x7/Conv_1/BatchNorm/batchnorm/sub_grad/tuple/control_dependency
353.0,6144.0,gradients/inception_v3/mixed_17x17x768e/branch7x7dbl/Conv_3/BatchNorm/batchnorm/sub_grad/tuple/control_dependency
353.0,4718592.0,gradients/AddN_95
353.0,4718592.0,gradients/AddN_98
353.0,8257536.0,gradients/AddN_96
353.0,8257536.0,gradients/AddN_97
354.0,6144.0,gradients/inception_v3/mixed_17x17x768e/branch7x7/Conv/BatchNorm/batchnorm/sub_grad/tuple/control_dependency
354.0,6144.0,gradients/inception_v3/mixed_17x17x768e/branch7x7dbl/Conv_2/BatchNorm/batchnorm/sub_grad/tuple/control_dependency
354.0,8257536.0,gradients/AddN_103
354.0,8257536.0,gradients/AddN_104
355.0,6144.0,gradients/inception_v3/mixed_17x17x768e/branch7x7dbl/Conv/BatchNorm/batchnorm/sub_grad/tuple/control_dependency
355.0,6144.0,gradients/inception_v3/mixed_17x17x768e/branch7x7dbl/Conv_1/BatchNorm/batchnorm/sub_grad/tuple/control_dependency
355.0,4718592.0,gradients/AddN_109
355.0,8257536.0,gradients/AddN_110
355.0,8257536.0,gradients/AddN_113
356.0,6144.0,gradients/inception_v3/mixed_17x17x768d/branch1x1/Conv/BatchNorm/batchnorm/sub_grad/tuple/control_dependency
356.0,6144.0,gradients/inception_v3/mixed_17x17x768d/branch_pool/Conv/BatchNorm/batchnorm/sub_grad/tuple/control_dependency
356.0,6144.0,gradients/inception_v3/mixed_17x17x768d/branch7x7/Conv_2/BatchNorm/batchnorm/sub_grad/tuple/control_dependency
356.0,6144.0,gradients/inception_v3/mixed_17x17x768d/branch7x7dbl/Conv_4/BatchNorm/batchnorm/sub_grad/tuple/control_dependency
356.0,4718592.0,gradients/AddN_117
357.0,4718592.0,gradients/AddN_126
357.0,6881280.0,gradients/AddN_127
357.0,6881280.0,gradients/AddN_128
358.0,5120.0,gradients/inception_v3/mixed_17x17x768d/branch7x7/Conv_1/BatchNorm/batchnorm/sub_grad/tuple/control_dependency
358.0,5120.0,gradients/inception_v3/mixed_17x17x768d/branch7x7dbl/Conv_3/BatchNorm/batchnorm/sub_grad/tuple/control_dependency
358.0,4718592.0,gradients/AddN_129
358.0,5734400.0,gradients/AddN_134
359.0,5120.0,gradients/inception_v3/mixed_17x17x768d/branch7x7/Conv/BatchNorm/batchnorm/sub_grad/tuple/control_dependency
359.0,5120.0,gradients/inception_v3/mixed_17x17x768d/branch7x7dbl/Conv_2/BatchNorm/batchnorm/sub_grad/tuple/control_dependency
359.0,3932160.0,gradients/AddN_140
359.0,5734400.0,gradients/AddN_135
359.0,5734400.0,gradients/AddN_141
360.0,5120.0,gradients/inception_v3/mixed_17x17x768d/branch7x7dbl/Conv/BatchNorm/batchnorm/sub_grad/tuple/control_dependency
360.0,5120.0,gradients/inception_v3/mixed_17x17x768d/branch7x7dbl/Conv_1/BatchNorm/batchnorm/sub_grad/tuple/control_dependency
360.0,3932160.0,gradients/AddN_148
360.0,5734400.0,gradients/AddN_144
361.0,6144.0,gradients/inception_v3/mixed_17x17x768c/branch1x1/Conv/BatchNorm/batchnorm/sub_grad/tuple/control_dependency
361.0,6144.0,gradients/inception_v3/mixed_17x17x768c/branch_pool/Conv/BatchNorm/batchnorm/sub_grad/tuple/control_dependency
361.0,6144.0,gradients/inception_v3/mixed_17x17x768c/branch7x7/Conv_2/BatchNorm/batchnorm/sub_grad/tuple/control_dependency
361.0,6144.0,gradients/inception_v3/mixed_17x17x768c/branch7x7dbl/Conv_4/BatchNorm/batchnorm/sub_grad/tuple/control_dependency
362.0,5120.0,gradients/inception_v3/mixed_17x17x768c/branch7x7/Conv_1/BatchNorm/batchnorm/sub_grad/tuple/control_dependency
362.0,5120.0,gradients/inception_v3/mixed_17x17x768c/branch7x7dbl/Conv_3/BatchNorm/batchnorm/sub_grad/tuple/control_dependency
362.0,4718592.0,gradients/AddN_157
362.0,4718592.0,gradients/AddN_160
362.0,6881280.0,gradients/AddN_158
362.0,6881280.0,gradients/AddN_159
363.0,5120.0,gradients/inception_v3/mixed_17x17x768c/branch7x7/Conv/BatchNorm/batchnorm/sub_grad/tuple/control_dependency
363.0,5120.0,gradients/inception_v3/mixed_17x17x768c/branch7x7dbl/Conv_2/BatchNorm/batchnorm/sub_grad/tuple/control_dependency
363.0,5734400.0,gradients/AddN_165
363.0,5734400.0,gradients/AddN_166
364.0,5120.0,gradients/inception_v3/mixed_17x17x768c/branch7x7dbl/Conv_1/BatchNorm/batchnorm/sub_grad/tuple/control_dependency
364.0,3932160.0,gradients/AddN_171
364.0,5734400.0,gradients/AddN_172
365.0,5120.0,gradients/inception_v3/mixed_17x17x768c/branch7x7dbl/Conv/BatchNorm/batchnorm/sub_grad/tuple/control_dependency
365.0,3932160.0,gradients/AddN_179
365.0,5734400.0,gradients/AddN_175
366.0,6144.0,gradients/inception_v3/mixed_17x17x768b/branch1x1/Conv/BatchNorm/batchnorm/sub_grad/tuple/control_dependency
366.0,6144.0,gradients/inception_v3/mixed_17x17x768b/branch_pool/Conv/BatchNorm/batchnorm/sub_grad/tuple/control_dependency
366.0,6144.0,gradients/inception_v3/mixed_17x17x768b/branch7x7/Conv_2/BatchNorm/batchnorm/sub_grad/tuple/control_dependency
366.0,6144.0,gradients/inception_v3/mixed_17x17x768b/branch7x7dbl/Conv_4/BatchNorm/batchnorm/sub_grad/tuple/control_dependency
378.0,4718592.0,gradients/AddN_188
378.0,4718592.0,gradients/AddN_191
378.0,5505024.0,gradients/AddN_189
378.0,5505024.0,gradients/AddN_190
379.0,4096.0,gradients/inception_v3/mixed_17x17x768b/branch7x7/Conv_1/BatchNorm/batchnorm/sub_grad/tuple/control_dependency
379.0,4096.0,gradients/inception_v3/mixed_17x17x768b/branch7x7dbl/Conv_3/BatchNorm/batchnorm/sub_grad/tuple/control_dependency
389.0,3670016.0,gradients/AddN_196
389.0,3670016.0,gradients/AddN_197
390.0,4096.0,gradients/inception_v3/mixed_17x17x768b/branch7x7/Conv/BatchNorm/batchnorm/sub_grad/tuple/control_dependency
391.0,4096.0,gradients/inception_v3/mixed_17x17x768b/branch7x7dbl/Conv_2/BatchNorm/batchnorm/sub_grad/tuple/control_dependency
398.0,3145728.0,gradients/AddN_202
398.0,3670016.0,gradients/AddN_203
400.0,4096.0,gradients/inception_v3/mixed_17x17x768b/branch7x7dbl/Conv_1/BatchNorm/batchnorm/sub_grad/tuple/control_dependency
404.0,3670016.0,gradients/AddN_206
408.0,4096.0,gradients/inception_v3/mixed_17x17x768b/branch7x7dbl/Conv/BatchNorm/batchnorm/sub_grad/tuple/control_dependency
410.0,3145728.0,gradients/AddN_210
411.0,3072.0,gradients/inception_v3/mixed_17x17x768a/branch3x3dbl/Conv_2/BatchNorm/batchnorm/sub_grad/tuple/control_dependency
411.0,12288.0,gradients/inception_v3/mixed_17x17x768a/branch3x3/Conv/BatchNorm/batchnorm/sub_grad/tuple/control_dependency
417.0,31850496.0,gradients/AddN_215
418.0,2654208.0,gradients/AddN_216
419.0,3072.0,gradients/inception_v3/mixed_17x17x768a/branch3x3dbl/Conv_1/BatchNorm/batchnorm/sub_grad/tuple/control_dependency
428.0,1769472.0,gradients/AddN_219
429.0,2048.0,gradients/inception_v3/mixed_17x17x768a/branch3x3dbl/Conv/BatchNorm/batchnorm/sub_grad/tuple/control_dependency
430.0,589824.0,gradients/AddN_223
435.0,2048.0,gradients/inception_v3/mixed_35x35x288b/branch1x1/Conv/BatchNorm/batchnorm/sub_grad/tuple/control_dependency
435.0,2048.0,gradients/inception_v3/mixed_35x35x288b/branch5x5/Conv_1/BatchNorm/batchnorm/sub_grad/tuple/control_dependency
435.0,3072.0,gradients/inception_v3/mixed_35x35x288b/branch3x3dbl/Conv_2/BatchNorm/batchnorm/sub_grad/tuple/control_dependency
437.0,2048.0,gradients/inception_v3/mixed_35x35x288b/branch_pool/Conv/BatchNorm/batchnorm/sub_grad/tuple/control_dependency
446.0,589824.0,gradients/AddN_232
447.0,589824.0,gradients/AddN_235
447.0,2457600.0,gradients/AddN_233
447.0,2654208.0,gradients/AddN_234
450.0,1536.0,gradients/inception_v3/mixed_35x35x288b/branch5x5/Conv/BatchNorm/batchnorm/sub_grad/tuple/control_dependency
450.0,3072.0,gradients/inception_v3/mixed_35x35x288b/branch3x3dbl/Conv_1/BatchNorm/batchnorm/sub_grad/tuple/control_dependency
456.0,442368.0,gradients/AddN_240
457.0,2048.0,gradients/inception_v3/mixed_35x35x288b/branch3x3dbl/Conv/BatchNorm/batchnorm/sub_grad/tuple/control_dependency
457.0,1769472.0,gradients/AddN_241
458.0,589824.0,gradients/AddN_245
461.0,2048.0,gradients/inception_v3/mixed_35x35x288a/branch1x1/Conv/BatchNorm/batchnorm/sub_grad/tuple/control_dependency
461.0,2048.0,gradients/inception_v3/mixed_35x35x288a/branch_pool/Conv/BatchNorm/batchnorm/sub_grad/tuple/control_dependency
461.0,2048.0,gradients/inception_v3/mixed_35x35x288a/branch5x5/Conv_1/BatchNorm/batchnorm/sub_grad/tuple/control_dependency
461.0,3072.0,gradients/inception_v3/mixed_35x35x288a/branch3x3dbl/Conv_2/BatchNorm/batchnorm/sub_grad/tuple/control_dependency
478.0,524288.0,gradients/AddN_254
478.0,524288.0,gradients/AddN_257
478.0,2457600.0,gradients/AddN_255
478.0,2654208.0,gradients/AddN_256
481.0,1536.0,gradients/inception_v3/mixed_35x35x288a/branch5x5/Conv/BatchNorm/batchnorm/sub_grad/tuple/control_dependency
481.0,3072.0,gradients/inception_v3/mixed_35x35x288a/branch3x3dbl/Conv_1/BatchNorm/batchnorm/sub_grad/tuple/control_dependency
486.0,393216.0,gradients/AddN_262
486.0,1769472.0,gradients/AddN_263
487.0,2048.0,gradients/inception_v3/mixed_35x35x288a/branch3x3dbl/Conv/BatchNorm/batchnorm/sub_grad/tuple/control_dependency
491.0,524288.0,gradients/AddN_267
494.0,2048.0,gradients/inception_v3/mixed_35x35x256a/branch1x1/Conv/BatchNorm/batchnorm/sub_grad/tuple/control_dependency
494.0,3072.0,gradients/inception_v3/mixed_35x35x256a/branch3x3dbl/Conv_2/BatchNorm/batchnorm/sub_grad/tuple/control_dependency
495.0,2048.0,gradients/inception_v3/mixed_35x35x256a/branch5x5/Conv_1/BatchNorm/batchnorm/sub_grad/tuple/control_dependency
496.0,1024.0,gradients/inception_v3/mixed_35x35x256a/branch_pool/Conv/BatchNorm/batchnorm/sub_grad/tuple/control_dependency
505.0,196608.0,gradients/AddN_279
505.0,393216.0,gradients/AddN_276
505.0,2457600.0,gradients/AddN_277
505.0,2654208.0,gradients/AddN_278
507.0,1536.0,gradients/inception_v3/mixed_35x35x256a/branch5x5/Conv/BatchNorm/batchnorm/sub_grad/tuple/control_dependency
507.0,3072.0,gradients/inception_v3/mixed_35x35x256a/branch3x3dbl/Conv_1/BatchNorm/batchnorm/sub_grad/tuple/control_dependency
515.0,294912.0,gradients/AddN_284
515.0,1769472.0,gradients/AddN_285
518.0,2048.0,gradients/inception_v3/mixed_35x35x256a/branch3x3dbl/Conv/BatchNorm/batchnorm/sub_grad/tuple/control_dependency
521.0,393216.0,gradients/AddN_289
522.0,6144.0,gradients/inception_v3/conv4/BatchNorm/batchnorm/sub_grad/tuple/control_dependency
525.0,2560.0,gradients/inception_v3/conv3/BatchNorm/batchnorm/sub_grad/tuple/control_dependency
525.0,4423680.0,gradients/AddN_292
527.0,2048.0,gradients/inception_v3/conv2/BatchNorm/batchnorm/sub_grad/tuple/control_dependency
527.0,163840.0,gradients/AddN_295
531.0,1024.0,gradients/inception_v3/conv1/BatchNorm/batchnorm/sub_grad/tuple/control_dependency
531.0,589824.0,gradients/AddN_298
533.0,294912.0,gradients/AddN_301
534.0,1024.0,gradients/inception_v3/conv0/BatchNorm/batchnorm/sub_grad/tuple/control_dependency
536.0,27648.0,gradients/AddN_304
