inputs_as_bytes,gswitch_recv_rate,tor_inbuffer_size,tor_send_rate,latency,gswitch_inbuffer_size,num_gswitches,use_multicast,in_network_computation,json,worker_send_rate,worker_inbuffer_size,step_num,num_ps,worker_recv_rate,num_workers,iteration_time,MTU,latency_std,ps_send_rate,on_same_rack,topology,verbosity,gswitch_send_rate,tor_recv_rate,ps_inbuffer_size,gradient_size,trace_base_dir,timeout,ps_recv_rate,model_name,latency_distribution
0,25.0,-1,25.0,1e-05,-1,4,0,0,json/inception-v3_param_ps_assignment.json,3.5,-1,10,1,3.5,2,1.0837383625143377,120000.0,1.0,5.0,1,,0,25.0,25.0,-1,0.0,csv/inception-v3/,3000.0,5.0,inception-v3,none
0,25.0,-1,25.0,1e-05,-1,4,1,0,json/inception-v3_param_ps_assignment.json,3.5,-1,10,1,3.5,2,0.9775949037714016,120000.0,1.0,5.0,1,,0,25.0,25.0,-1,0.0,csv/inception-v3/,3000.0,5.0,inception-v3,none
0,25.0,-1,25.0,1e-05,-1,4,0,1,json/inception-v3_param_ps_assignment.json,3.5,-1,10,1,3.5,2,1.0774131437714989,120000.0,1.0,5.0,1,,0,25.0,25.0,-1,0.0,csv/inception-v3/,3000.0,5.0,inception-v3,none
0,25.0,-1,25.0,1e-05,-1,4,1,1,json/inception-v3_param_ps_assignment.json,3.5,-1,10,1,3.5,2,0.9775952987428299,120000.0,1.0,5.0,1,,0,25.0,25.0,-1,0.0,csv/inception-v3/,3000.0,5.0,inception-v3,none
0,25.0,-1,25.0,1e-05,-1,4,0,0,json/inception-v3_param_ps_assignment.json,3.5,-1,10,2,3.5,2,1.0786047030857797,120000.0,1.0,5.0,1,,0,25.0,25.0,-1,0.0,csv/inception-v3/,3000.0,5.0,inception-v3,none
0,25.0,-1,25.0,1e-05,-1,4,1,0,json/inception-v3_param_ps_assignment.json,3.5,-1,10,2,3.5,2,0.9775767551999729,120000.0,1.0,5.0,1,,0,25.0,25.0,-1,0.0,csv/inception-v3/,3000.0,5.0,inception-v3,none
0,25.0,-1,25.0,1e-05,-1,4,0,1,json/inception-v3_param_ps_assignment.json,3.5,-1,10,2,3.5,2,1.07861514788578,120000.0,1.0,5.0,1,,0,25.0,25.0,-1,0.0,csv/inception-v3/,3000.0,5.0,inception-v3,none
0,25.0,-1,25.0,1e-05,-1,4,1,1,json/inception-v3_param_ps_assignment.json,3.5,-1,10,2,3.5,2,0.9775767551999728,120000.0,1.0,5.0,1,,0,25.0,25.0,-1,0.0,csv/inception-v3/,3000.0,5.0,inception-v3,none
0,25.0,-1,25.0,1e-05,-1,4,0,0,json/inception-v3_param_ps_assignment.json,3.5,-1,10,4,3.5,2,0.9775767551999728,120000.0,1.0,5.0,1,,0,25.0,25.0,-1,0.0,csv/inception-v3/,3000.0,5.0,inception-v3,none
0,25.0,-1,25.0,1e-05,-1,4,1,0,json/inception-v3_param_ps_assignment.json,3.5,-1,10,4,3.5,2,0.9775765796571156,120000.0,1.0,5.0,1,,0,25.0,25.0,-1,0.0,csv/inception-v3/,3000.0,5.0,inception-v3,none
0,25.0,-1,25.0,1e-05,-1,4,0,1,json/inception-v3_param_ps_assignment.json,3.5,-1,10,4,3.5,2,0.9775783643428301,120000.0,1.0,5.0,1,,0,25.0,25.0,-1,0.0,csv/inception-v3/,3000.0,5.0,inception-v3,none
0,25.0,-1,25.0,1e-05,-1,4,1,1,json/inception-v3_param_ps_assignment.json,3.5,-1,10,4,3.5,2,0.9775765503999729,120000.0,1.0,5.0,1,,0,25.0,25.0,-1,0.0,csv/inception-v3/,3000.0,5.0,inception-v3,none
0,25.0,-1,25.0,1e-05,-1,4,0,0,json/inception-v3_param_ps_assignment.json,3.5,-1,10,8,3.5,2,0.9775767844571158,120000.0,1.0,5.0,1,,0,25.0,25.0,-1,0.0,csv/inception-v3/,3000.0,5.0,inception-v3,none
0,25.0,-1,25.0,1e-05,-1,4,1,0,json/inception-v3_param_ps_assignment.json,3.5,-1,10,8,3.5,2,0.9775765503999729,120000.0,1.0,5.0,1,,0,25.0,25.0,-1,0.0,csv/inception-v3/,3000.0,5.0,inception-v3,none
0,25.0,-1,25.0,1e-05,-1,4,0,1,json/inception-v3_param_ps_assignment.json,3.5,-1,10,8,3.5,2,0.9784046354285442,120000.0,1.0,5.0,1,,0,25.0,25.0,-1,0.0,csv/inception-v3/,3000.0,5.0,inception-v3,none
0,25.0,-1,25.0,1e-05,-1,4,1,1,json/inception-v3_param_ps_assignment.json,3.5,-1,10,8,3.5,2,0.9775765503999729,120000.0,1.0,5.0,1,,0,25.0,25.0,-1,0.0,csv/inception-v3/,3000.0,5.0,inception-v3,none
0,25.0,-1,25.0,1e-05,-1,4,0,0,json/inception-v3_param_ps_assignment.json,3.5,-1,10,1,3.5,4,1.6511644050296381,120000.0,1.0,5.0,1,,0,25.0,25.0,-1,0.0,csv/inception-v3/,3000.0,5.0,inception-v3,none
0,25.0,-1,25.0,1e-05,-1,4,1,0,json/inception-v3_param_ps_assignment.json,3.5,-1,10,1,3.5,4,1.203824463543484,120000.0,1.0,5.0,1,,0,25.0,25.0,-1,0.0,csv/inception-v3/,3000.0,5.0,inception-v3,none
0,25.0,-1,25.0,1e-05,-1,4,0,1,json/inception-v3_param_ps_assignment.json,3.5,-1,10,1,3.5,4,1.493911275886118,120000.0,1.0,5.0,1,,0,25.0,25.0,-1,0.0,csv/inception-v3/,3000.0,5.0,inception-v3,none
0,25.0,-1,25.0,1e-05,-1,4,1,1,json/inception-v3_param_ps_assignment.json,3.5,-1,10,1,3.5,4,1.0466002139428305,120000.0,1.0,5.0,1,,0,25.0,25.0,-1,0.0,csv/inception-v3/,3000.0,5.0,inception-v3,none
0,25.0,-1,25.0,1e-05,-1,4,0,0,json/inception-v3_param_ps_assignment.json,3.5,-1,10,2,3.5,4,1.649513139201086,120000.0,1.0,5.0,1,,0,25.0,25.0,-1,0.0,csv/inception-v3/,3000.0,5.0,inception-v3,none
0,25.0,-1,25.0,1e-05,-1,4,1,0,json/inception-v3_param_ps_assignment.json,3.5,-1,10,2,3.5,4,1.2031502994292143,120000.0,1.0,5.0,1,,0,25.0,25.0,-1,0.0,csv/inception-v3/,3000.0,5.0,inception-v3,none
0,25.0,-1,25.0,1e-05,-1,4,0,1,json/inception-v3_param_ps_assignment.json,3.5,-1,10,2,3.5,4,1.4931144448004179,120000.0,1.0,5.0,1,,0,25.0,25.0,-1,0.0,csv/inception-v3/,3000.0,5.0,inception-v3,none
0,25.0,-1,25.0,1e-05,-1,4,1,1,json/inception-v3_param_ps_assignment.json,3.5,-1,10,2,3.5,4,1.0465775743999732,120000.0,1.0,5.0,1,,0,25.0,25.0,-1,0.0,csv/inception-v3/,3000.0,5.0,inception-v3,none
0,25.0,-1,25.0,1e-05,-1,4,0,0,json/inception-v3_param_ps_assignment.json,3.5,-1,10,4,3.5,4,1.1785825956572473,120000.0,1.0,5.0,1,,0,25.0,25.0,-1,0.0,csv/inception-v3/,3000.0,5.0,inception-v3,none
0,25.0,-1,25.0,1e-05,-1,4,1,0,json/inception-v3_param_ps_assignment.json,3.5,-1,10,4,3.5,4,1.0465765503999735,120000.0,1.0,5.0,1,,0,25.0,25.0,-1,0.0,csv/inception-v3/,3000.0,5.0,inception-v3,none
0,25.0,-1,25.0,1e-05,-1,4,0,1,json/inception-v3_param_ps_assignment.json,3.5,-1,10,4,3.5,4,1.1785825956572482,120000.0,1.0,5.0,1,,0,25.0,25.0,-1,0.0,csv/inception-v3/,3000.0,5.0,inception-v3,none
0,25.0,-1,25.0,1e-05,-1,4,1,1,json/inception-v3_param_ps_assignment.json,3.5,-1,10,4,3.5,4,1.0465773695999732,120000.0,1.0,5.0,1,,0,25.0,25.0,-1,0.0,csv/inception-v3/,3000.0,5.0,inception-v3,none
0,25.0,-1,25.0,1e-05,-1,4,0,0,json/inception-v3_param_ps_assignment.json,3.5,-1,10,8,3.5,4,1.0498118546285444,120000.0,1.0,5.0,1,,0,25.0,25.0,-1,0.0,csv/inception-v3/,3000.0,5.0,inception-v3,none
0,25.0,-1,25.0,1e-05,-1,4,1,0,json/inception-v3_param_ps_assignment.json,3.5,-1,10,8,3.5,4,1.0465767551999734,120000.0,1.0,5.0,1,,0,25.0,25.0,-1,0.0,csv/inception-v3/,3000.0,5.0,inception-v3,none
0,25.0,-1,25.0,1e-05,-1,4,0,1,json/inception-v3_param_ps_assignment.json,3.5,-1,10,8,3.5,4,1.0499374262856873,120000.0,1.0,5.0,1,,0,25.0,25.0,-1,0.0,csv/inception-v3/,3000.0,5.0,inception-v3,none
0,25.0,-1,25.0,1e-05,-1,4,1,1,json/inception-v3_param_ps_assignment.json,3.5,-1,10,8,3.5,4,1.0465769599999735,120000.0,1.0,5.0,1,,0,25.0,25.0,-1,0.0,csv/inception-v3/,3000.0,5.0,inception-v3,none
0,25.0,-1,25.0,1e-05,-1,4,0,0,json/inception-v3_param_ps_assignment.json,3.5,-1,10,1,3.5,8,3.038165122735779,120000.0,1.0,5.0,1,,0,25.0,25.0,-1,0.0,csv/inception-v3/,3000.0,5.0,inception-v3,none
0,25.0,-1,25.0,1e-05,-1,4,1,0,json/inception-v3_param_ps_assignment.json,3.5,-1,10,1,3.5,8,1.8949564589727357,120000.0,1.0,5.0,1,,0,25.0,25.0,-1,0.0,csv/inception-v3/,3000.0,5.0,inception-v3,none
0,25.0,-1,25.0,1e-05,-1,4,0,1,json/inception-v3_param_ps_assignment.json,3.5,-1,10,1,3.5,8,2.5857788653724914,120000.0,1.0,5.0,1,,0,25.0,25.0,-1,0.0,csv/inception-v3/,3000.0,5.0,inception-v3,none
0,25.0,-1,25.0,1e-05,-1,4,1,1,json/inception-v3_param_ps_assignment.json,3.5,-1,10,1,3.5,8,1.442600345599973,120000.0,1.0,5.0,1,,0,25.0,25.0,-1,0.0,csv/inception-v3/,3000.0,5.0,inception-v3,none
0,25.0,-1,25.0,1e-05,-1,4,0,0,json/inception-v3_param_ps_assignment.json,3.5,-1,10,2,3.5,8,3.0347083885643977,120000.0,1.0,5.0,1,,0,25.0,25.0,-1,0.0,csv/inception-v3/,3000.0,5.0,inception-v3,none
0,25.0,-1,25.0,1e-05,-1,4,1,0,json/inception-v3_param_ps_assignment.json,3.5,-1,10,2,3.5,8,1.893460172801336,120000.0,1.0,5.0,1,,0,25.0,25.0,-1,0.0,csv/inception-v3/,3000.0,5.0,inception-v3,none
0,25.0,-1,25.0,1e-05,-1,4,0,1,json/inception-v3_param_ps_assignment.json,3.5,-1,10,2,3.5,8,2.5726134381725005,120000.0,1.0,5.0,1,,0,25.0,25.0,-1,0.0,csv/inception-v3/,3000.0,5.0,inception-v3,none
0,25.0,-1,25.0,1e-05,-1,4,1,1,json/inception-v3_param_ps_assignment.json,3.5,-1,10,2,3.5,8,1.4425765503999732,120000.0,1.0,5.0,1,,0,25.0,25.0,-1,0.0,csv/inception-v3/,3000.0,5.0,inception-v3,none
0,25.0,-1,25.0,1e-05,-1,4,0,0,json/inception-v3_param_ps_assignment.json,3.5,-1,10,4,3.5,8,1.9551102409147678,120000.0,1.0,5.0,1,,0,25.0,25.0,-1,0.0,csv/inception-v3/,3000.0,5.0,inception-v3,none
0,25.0,-1,25.0,1e-05,-1,4,1,0,json/inception-v3_param_ps_assignment.json,3.5,-1,10,4,3.5,8,1.4425765796571162,120000.0,1.0,5.0,1,,0,25.0,25.0,-1,0.0,csv/inception-v3/,3000.0,5.0,inception-v3,none
0,25.0,-1,25.0,1e-05,-1,4,0,1,json/inception-v3_param_ps_assignment.json,3.5,-1,10,4,3.5,8,1.9444866304004702,120000.0,1.0,5.0,1,,0,25.0,25.0,-1,0.0,csv/inception-v3/,3000.0,5.0,inception-v3,none
0,25.0,-1,25.0,1e-05,-1,4,1,1,json/inception-v3_param_ps_assignment.json,3.5,-1,10,4,3.5,8,1.442576579657116,120000.0,1.0,5.0,1,,0,25.0,25.0,-1,0.0,csv/inception-v3/,3000.0,5.0,inception-v3,none
0,25.0,-1,25.0,1e-05,-1,4,0,0,json/inception-v3_param_ps_assignment.json,3.5,-1,10,8,3.5,8,1.600634706285843,120000.0,1.0,5.0,1,,0,25.0,25.0,-1,0.0,csv/inception-v3/,3000.0,5.0,inception-v3,none
0,25.0,-1,25.0,1e-05,-1,4,1,0,json/inception-v3_param_ps_assignment.json,3.5,-1,10,8,3.5,8,1.4425767698285448,120000.0,1.0,5.0,1,,0,25.0,25.0,-1,0.0,csv/inception-v3/,3000.0,5.0,inception-v3,none
0,25.0,-1,25.0,1e-05,-1,4,0,1,json/inception-v3_param_ps_assignment.json,3.5,-1,10,8,3.5,8,1.5886757705144015,120000.0,1.0,5.0,1,,0,25.0,25.0,-1,0.0,csv/inception-v3/,3000.0,5.0,inception-v3,none
0,25.0,-1,25.0,1e-05,-1,4,1,1,json/inception-v3_param_ps_assignment.json,3.5,-1,10,8,3.5,8,1.4425769892571163,120000.0,1.0,5.0,1,,0,25.0,25.0,-1,0.0,csv/inception-v3/,3000.0,5.0,inception-v3,none
0,25.0,-1,25.0,1e-05,-1,4,0,0,json/inception-v3_param_ps_assignment.json,3.5,-1,10,1,3.5,12,4.453943605926873,120000.0,1.0,5.0,1,,0,25.0,25.0,-1,0.0,csv/inception-v3/,3000.0,5.0,inception-v3,none
0,25.0,-1,25.0,1e-05,-1,4,1,0,json/inception-v3_param_ps_assignment.json,3.5,-1,10,1,3.5,12,2.6148969645678375,120000.0,1.0,5.0,1,,0,25.0,25.0,-1,0.0,csv/inception-v3/,3000.0,5.0,inception-v3,none
0,25.0,-1,25.0,1e-05,-1,4,0,1,json/inception-v3_param_ps_assignment.json,3.5,-1,10,1,3.5,12,3.327646513372407,120000.0,1.0,5.0,1,,0,25.0,25.0,-1,0.0,csv/inception-v3/,3000.0,5.0,inception-v3,none
0,25.0,-1,25.0,1e-05,-1,4,1,1,json/inception-v3_param_ps_assignment.json,3.5,-1,10,1,3.5,12,1.4885856438856875,120000.0,1.0,5.0,1,,0,25.0,25.0,-1,0.0,csv/inception-v3/,3000.0,5.0,inception-v3,none
0,25.0,-1,25.0,1e-05,-1,4,0,0,json/inception-v3_param_ps_assignment.json,3.5,-1,10,2,3.5,12,4.448641387869726,120000.0,1.0,5.0,1,,0,25.0,25.0,-1,0.0,csv/inception-v3/,3000.0,5.0,inception-v3,none
0,25.0,-1,25.0,1e-05,-1,4,1,0,json/inception-v3_param_ps_assignment.json,3.5,-1,10,2,3.5,12,2.612516484567878,120000.0,1.0,5.0,1,,0,25.0,25.0,-1,0.0,csv/inception-v3/,3000.0,5.0,inception-v3,none
0,25.0,-1,25.0,1e-05,-1,4,0,1,json/inception-v3_param_ps_assignment.json,3.5,-1,10,2,3.5,12,3.324708094172451,120000.0,1.0,5.0,1,,0,25.0,25.0,-1,0.0,csv/inception-v3/,3000.0,5.0,inception-v3,none
0,25.0,-1,25.0,1e-05,-1,4,1,1,json/inception-v3_param_ps_assignment.json,3.5,-1,10,2,3.5,12,1.4885767551999731,120000.0,1.0,5.0,1,,0,25.0,25.0,-1,0.0,csv/inception-v3/,3000.0,5.0,inception-v3,none
0,25.0,-1,25.0,1e-05,-1,4,0,0,json/inception-v3_param_ps_assignment.json,3.5,-1,10,4,3.5,12,2.59304241005359,120000.0,1.0,5.0,1,,0,25.0,25.0,-1,0.0,csv/inception-v3/,3000.0,5.0,inception-v3,none
0,25.0,-1,25.0,1e-05,-1,4,1,0,json/inception-v3_param_ps_assignment.json,3.5,-1,10,4,3.5,12,1.6999766564582983,120000.0,1.0,5.0,1,,0,25.0,25.0,-1,0.0,csv/inception-v3/,3000.0,5.0,inception-v3,none
0,25.0,-1,25.0,1e-05,-1,4,0,1,json/inception-v3_param_ps_assignment.json,3.5,-1,10,4,3.5,12,2.3816331465151177,120000.0,1.0,5.0,1,,0,25.0,25.0,-1,0.0,csv/inception-v3/,3000.0,5.0,inception-v3,none
0,25.0,-1,25.0,1e-05,-1,4,1,1,json/inception-v3_param_ps_assignment.json,3.5,-1,10,4,3.5,12,1.4885767551999733,120000.0,1.0,5.0,1,,0,25.0,25.0,-1,0.0,csv/inception-v3/,3000.0,5.0,inception-v3,none
0,25.0,-1,25.0,1e-05,-1,4,0,0,json/inception-v3_param_ps_assignment.json,3.5,-1,10,8,3.5,12,1.8499234285717587,120000.0,1.0,5.0,1,,0,25.0,25.0,-1,0.0,csv/inception-v3/,3000.0,5.0,inception-v3,none
0,25.0,-1,25.0,1e-05,-1,4,1,0,json/inception-v3_param_ps_assignment.json,3.5,-1,10,8,3.5,12,1.4885765503999735,120000.0,1.0,5.0,1,,0,25.0,25.0,-1,0.0,csv/inception-v3/,3000.0,5.0,inception-v3,none
0,25.0,-1,25.0,1e-05,-1,4,0,1,json/inception-v3_param_ps_assignment.json,3.5,-1,10,8,3.5,12,1.8502028141717608,120000.0,1.0,5.0,1,,0,25.0,25.0,-1,0.0,csv/inception-v3/,3000.0,5.0,inception-v3,none
0,25.0,-1,25.0,1e-05,-1,4,1,1,json/inception-v3_param_ps_assignment.json,3.5,-1,10,8,3.5,12,1.4885765503999735,120000.0,1.0,5.0,1,,0,25.0,25.0,-1,0.0,csv/inception-v3/,3000.0,5.0,inception-v3,none
0,25.0,-1,25.0,1e-05,-1,4,0,0,json/inception-v3_param_ps_assignment.json,3.5,-1,10,1,3.5,2,1.0837503579429086,120000.0,1.0,5.0,1,,0,25.0,25.0,-1,0.0,csv/inception-v3/,3000.0,5.0,inception-v3,none
0,25.0,-1,25.0,1e-05,-1,4,1,0,json/inception-v3_param_ps_assignment.json,3.5,-1,10,1,3.5,2,0.9775949037714016,120000.0,1.0,5.0,1,,0,25.0,25.0,-1,0.0,csv/inception-v3/,3000.0,5.0,inception-v3,none
0,25.0,-1,25.0,1e-05,-1,4,0,1,json/inception-v3_param_ps_assignment.json,3.5,-1,10,1,3.5,2,1.0769856000000708,120000.0,1.0,5.0,1,,0,25.0,25.0,-1,0.0,csv/inception-v3/,3000.0,5.0,inception-v3,none
0,25.0,-1,25.0,1e-05,-1,4,1,1,json/inception-v3_param_ps_assignment.json,3.5,-1,10,1,3.5,2,0.9775999945142586,120000.0,1.0,5.0,1,,0,25.0,25.0,-1,0.0,csv/inception-v3/,3000.0,5.0,inception-v3,none
0,25.0,-1,25.0,1e-05,-1,4,0,0,json/inception-v3_param_ps_assignment.json,3.5,-1,10,2,3.5,2,1.078586768457208,120000.0,1.0,5.0,1,,0,25.0,25.0,-1,0.0,csv/inception-v3/,3000.0,5.0,inception-v3,none
0,25.0,-1,25.0,1e-05,-1,4,1,0,json/inception-v3_param_ps_assignment.json,3.5,-1,10,2,3.5,2,0.9775765503999728,120000.0,1.0,5.0,1,,0,25.0,25.0,-1,0.0,csv/inception-v3/,3000.0,5.0,inception-v3,none
0,25.0,-1,25.0,1e-05,-1,4,0,1,json/inception-v3_param_ps_assignment.json,3.5,-1,10,2,3.5,2,1.0764979748572157,120000.0,1.0,5.0,1,,0,25.0,25.0,-1,0.0,csv/inception-v3/,3000.0,5.0,inception-v3,none
0,25.0,-1,25.0,1e-05,-1,4,1,1,json/inception-v3_param_ps_assignment.json,3.5,-1,10,2,3.5,2,0.9775769599999728,120000.0,1.0,5.0,1,,0,25.0,25.0,-1,0.0,csv/inception-v3/,3000.0,5.0,inception-v3,none
0,25.0,-1,25.0,1e-05,-1,4,0,0,json/inception-v3_param_ps_assignment.json,3.5,-1,10,4,3.5,2,0.9783323117714013,120000.0,1.0,5.0,1,,0,25.0,25.0,-1,0.0,csv/inception-v3/,3000.0,5.0,inception-v3,none
0,25.0,-1,25.0,1e-05,-1,4,1,0,json/inception-v3_param_ps_assignment.json,3.5,-1,10,4,3.5,2,0.977576755199973,120000.0,1.0,5.0,1,,0,25.0,25.0,-1,0.0,csv/inception-v3/,3000.0,5.0,inception-v3,none
0,25.0,-1,25.0,1e-05,-1,4,0,1,json/inception-v3_param_ps_assignment.json,3.5,-1,10,4,3.5,2,0.9814188233142582,120000.0,1.0,5.0,1,,0,25.0,25.0,-1,0.0,csv/inception-v3/,3000.0,5.0,inception-v3,none
0,25.0,-1,25.0,1e-05,-1,4,1,1,json/inception-v3_param_ps_assignment.json,3.5,-1,10,4,3.5,2,0.9775767551999731,120000.0,1.0,5.0,1,,0,25.0,25.0,-1,0.0,csv/inception-v3/,3000.0,5.0,inception-v3,none
0,25.0,-1,25.0,1e-05,-1,4,0,0,json/inception-v3_param_ps_assignment.json,3.5,-1,10,8,3.5,2,0.9775767551999729,120000.0,1.0,5.0,1,,0,25.0,25.0,-1,0.0,csv/inception-v3/,3000.0,5.0,inception-v3,none
0,25.0,-1,25.0,1e-05,-1,4,1,0,json/inception-v3_param_ps_assignment.json,3.5,-1,10,8,3.5,2,0.9775765503999729,120000.0,1.0,5.0,1,,0,25.0,25.0,-1,0.0,csv/inception-v3/,3000.0,5.0,inception-v3,none
0,25.0,-1,25.0,1e-05,-1,4,0,1,json/inception-v3_param_ps_assignment.json,3.5,-1,10,8,3.5,2,0.9814072082285439,120000.0,1.0,5.0,1,,0,25.0,25.0,-1,0.0,csv/inception-v3/,3000.0,5.0,inception-v3,none
0,25.0,-1,25.0,1e-05,-1,4,1,1,json/inception-v3_param_ps_assignment.json,3.5,-1,10,8,3.5,2,0.9775769599999727,120000.0,1.0,5.0,1,,0,25.0,25.0,-1,0.0,csv/inception-v3/,3000.0,5.0,inception-v3,none
0,25.0,-1,25.0,1e-05,-1,4,0,0,json/inception-v3_param_ps_assignment.json,3.5,-1,10,1,3.5,4,1.6511634477725006,120000.0,1.0,5.0,1,,0,25.0,25.0,-1,0.0,csv/inception-v3/,3000.0,5.0,inception-v3,none
0,25.0,-1,25.0,1e-05,-1,4,1,0,json/inception-v3_param_ps_assignment.json,3.5,-1,10,1,3.5,4,1.2038246390863412,120000.0,1.0,5.0,1,,0,25.0,25.0,-1,0.0,csv/inception-v3/,3000.0,5.0,inception-v3,none
0,25.0,-1,25.0,1e-05,-1,4,0,1,json/inception-v3_param_ps_assignment.json,3.5,-1,10,1,3.5,4,1.4939197851432657,120000.0,1.0,5.0,1,,0,25.0,25.0,-1,0.0,csv/inception-v3/,3000.0,5.0,inception-v3,none
0,25.0,-1,25.0,1e-05,-1,4,1,1,json/inception-v3_param_ps_assignment.json,3.5,-1,10,1,3.5,4,1.0465984585142591,120000.0,1.0,5.0,1,,0,25.0,25.0,-1,0.0,csv/inception-v3/,3000.0,5.0,inception-v3,none
0,25.0,-1,25.0,1e-05,-1,4,0,0,json/inception-v3_param_ps_assignment.json,3.5,-1,10,2,3.5,4,1.6495131392010889,120000.0,1.0,5.0,1,,0,25.0,25.0,-1,0.0,csv/inception-v3/,3000.0,5.0,inception-v3,none
0,25.0,-1,25.0,1e-05,-1,4,1,0,json/inception-v3_param_ps_assignment.json,3.5,-1,10,2,3.5,4,1.203155724800637,120000.0,1.0,5.0,1,,0,25.0,25.0,-1,0.0,csv/inception-v3/,3000.0,5.0,inception-v3,none
0,25.0,-1,25.0,1e-05,-1,4,0,1,json/inception-v3_param_ps_assignment.json,3.5,-1,10,2,3.5,4,1.4929396534861243,120000.0,1.0,5.0,1,,0,25.0,25.0,-1,0.0,csv/inception-v3/,3000.0,5.0,inception-v3,none
0,25.0,-1,25.0,1e-05,-1,4,1,1,json/inception-v3_param_ps_assignment.json,3.5,-1,10,2,3.5,4,1.0465770038856876,120000.0,1.0,5.0,1,,0,25.0,25.0,-1,0.0,csv/inception-v3/,3000.0,5.0,inception-v3,none
0,25.0,-1,25.0,1e-05,-1,4,0,0,json/inception-v3_param_ps_assignment.json,3.5,-1,10,4,3.5,4,1.1785843510858163,120000.0,1.0,5.0,1,,0,25.0,25.0,-1,0.0,csv/inception-v3/,3000.0,5.0,inception-v3,none
0,25.0,-1,25.0,1e-05,-1,4,1,0,json/inception-v3_param_ps_assignment.json,3.5,-1,10,4,3.5,4,1.046576579657116,120000.0,1.0,5.0,1,,0,25.0,25.0,-1,0.0,csv/inception-v3/,3000.0,5.0,inception-v3,none
0,25.0,-1,25.0,1e-05,-1,4,0,1,json/inception-v3_param_ps_assignment.json,3.5,-1,10,4,3.5,4,1.1785816886858176,120000.0,1.0,5.0,1,,0,25.0,25.0,-1,0.0,csv/inception-v3/,3000.0,5.0,inception-v3,none
0,25.0,-1,25.0,1e-05,-1,4,1,1,json/inception-v3_param_ps_assignment.json,3.5,-1,10,4,3.5,4,1.0465765503999733,120000.0,1.0,5.0,1,,0,25.0,25.0,-1,0.0,csv/inception-v3/,3000.0,5.0,inception-v3,none
0,25.0,-1,25.0,1e-05,-1,4,0,0,json/inception-v3_param_ps_assignment.json,3.5,-1,10,8,3.5,4,1.0478202623999733,120000.0,1.0,5.0,1,,0,25.0,25.0,-1,0.0,csv/inception-v3/,3000.0,5.0,inception-v3,none
0,25.0,-1,25.0,1e-05,-1,4,1,0,json/inception-v3_param_ps_assignment.json,3.5,-1,10,8,3.5,4,1.0465765503999735,120000.0,1.0,5.0,1,,0,25.0,25.0,-1,0.0,csv/inception-v3/,3000.0,5.0,inception-v3,none
0,25.0,-1,25.0,1e-05,-1,4,0,1,json/inception-v3_param_ps_assignment.json,3.5,-1,10,8,3.5,4,1.0480931730285445,120000.0,1.0,5.0,1,,0,25.0,25.0,-1,0.0,csv/inception-v3/,3000.0,5.0,inception-v3,none
0,25.0,-1,25.0,1e-05,-1,4,1,1,json/inception-v3_param_ps_assignment.json,3.5,-1,10,8,3.5,4,1.0465767551999734,120000.0,1.0,5.0,1,,0,25.0,25.0,-1,0.0,csv/inception-v3/,3000.0,5.0,inception-v3,none
0,25.0,-1,25.0,1e-05,-1,4,0,0,json/inception-v3_param_ps_assignment.json,3.5,-1,10,1,3.5,8,3.0381574527929067,120000.0,1.0,5.0,1,,0,25.0,25.0,-1,0.0,csv/inception-v3/,3000.0,5.0,inception-v3,none
0,25.0,-1,25.0,1e-05,-1,4,1,0,json/inception-v3_param_ps_assignment.json,3.5,-1,10,1,3.5,8,1.8949695579441634,120000.0,1.0,5.0,1,,0,25.0,25.0,-1,0.0,csv/inception-v3/,3000.0,5.0,inception-v3,none
0,25.0,-1,25.0,1e-05,-1,4,0,1,json/inception-v3_param_ps_assignment.json,3.5,-1,10,1,3.5,8,2.5857777243439344,120000.0,1.0,5.0,1,,0,25.0,25.0,-1,0.0,csv/inception-v3/,3000.0,5.0,inception-v3,none
0,25.0,-1,25.0,1e-05,-1,4,1,1,json/inception-v3_param_ps_assignment.json,3.5,-1,10,1,3.5,8,1.4425773695999735,120000.0,1.0,5.0,1,,0,25.0,25.0,-1,0.0,csv/inception-v3/,3000.0,5.0,inception-v3,none
0,25.0,-1,25.0,1e-05,-1,4,0,0,json/inception-v3_param_ps_assignment.json,3.5,-1,10,2,3.5,8,3.034459201821538,120000.0,1.0,5.0,1,,0,25.0,25.0,-1,0.0,csv/inception-v3/,3000.0,5.0,inception-v3,none
0,25.0,-1,25.0,1e-05,-1,4,1,0,json/inception-v3_param_ps_assignment.json,3.5,-1,10,2,3.5,8,1.8934600850299073,120000.0,1.0,5.0,1,,0,25.0,25.0,-1,0.0,csv/inception-v3/,3000.0,5.0,inception-v3,none
0,25.0,-1,25.0,1e-05,-1,4,0,1,json/inception-v3_param_ps_assignment.json,3.5,-1,10,2,3.5,8,2.577713601829663,120000.0,1.0,5.0,1,,0,25.0,25.0,-1,0.0,csv/inception-v3/,3000.0,5.0,inception-v3,none
0,25.0,-1,25.0,1e-05,-1,4,1,1,json/inception-v3_param_ps_assignment.json,3.5,-1,10,2,3.5,8,1.4425772818285447,120000.0,1.0,5.0,1,,0,25.0,25.0,-1,0.0,csv/inception-v3/,3000.0,5.0,inception-v3,none
0,25.0,-1,25.0,1e-05,-1,4,0,0,json/inception-v3_param_ps_assignment.json,3.5,-1,10,4,3.5,8,1.9492389266290489,120000.0,1.0,5.0,1,,0,25.0,25.0,-1,0.0,csv/inception-v3/,3000.0,5.0,inception-v3,none
0,25.0,-1,25.0,1e-05,-1,4,1,0,json/inception-v3_param_ps_assignment.json,3.5,-1,10,4,3.5,8,1.4425765796571162,120000.0,1.0,5.0,1,,0,25.0,25.0,-1,0.0,csv/inception-v3/,3000.0,5.0,inception-v3,none
0,25.0,-1,25.0,1e-05,-1,4,0,1,json/inception-v3_param_ps_assignment.json,3.5,-1,10,4,3.5,8,1.9551133421719087,120000.0,1.0,5.0,1,,0,25.0,25.0,-1,0.0,csv/inception-v3/,3000.0,5.0,inception-v3,none
0,25.0,-1,25.0,1e-05,-1,4,1,1,json/inception-v3_param_ps_assignment.json,3.5,-1,10,4,3.5,8,1.4425765796571162,120000.0,1.0,5.0,1,,0,25.0,25.0,-1,0.0,csv/inception-v3/,3000.0,5.0,inception-v3,none
0,25.0,-1,25.0,1e-05,-1,4,0,0,json/inception-v3_param_ps_assignment.json,3.5,-1,10,8,3.5,8,1.6006372516572709,120000.0,1.0,5.0,1,,0,25.0,25.0,-1,0.0,csv/inception-v3/,3000.0,5.0,inception-v3,none
0,25.0,-1,25.0,1e-05,-1,4,1,0,json/inception-v3_param_ps_assignment.json,3.5,-1,10,8,3.5,8,1.4425765503999732,120000.0,1.0,5.0,1,,0,25.0,25.0,-1,0.0,csv/inception-v3/,3000.0,5.0,inception-v3,none
0,25.0,-1,25.0,1e-05,-1,4,0,1,json/inception-v3_param_ps_assignment.json,3.5,-1,10,8,3.5,8,1.6006351744001308,120000.0,1.0,5.0,1,,0,25.0,25.0,-1,0.0,csv/inception-v3/,3000.0,5.0,inception-v3,none
0,25.0,-1,25.0,1e-05,-1,4,1,1,json/inception-v3_param_ps_assignment.json,3.5,-1,10,8,3.5,8,1.4425766674285447,120000.0,1.0,5.0,1,,0,25.0,25.0,-1,0.0,csv/inception-v3/,3000.0,5.0,inception-v3,none
0,25.0,-1,25.0,1e-05,-1,4,0,0,json/inception-v3_param_ps_assignment.json,3.5,-1,10,1,3.5,12,4.453943708326898,120000.0,1.0,5.0,1,,0,25.0,25.0,-1,0.0,csv/inception-v3/,3000.0,5.0,inception-v3,none
0,25.0,-1,25.0,1e-05,-1,4,1,0,json/inception-v3_param_ps_assignment.json,3.5,-1,10,1,3.5,12,2.614875480682123,120000.0,1.0,5.0,1,,0,25.0,25.0,-1,0.0,csv/inception-v3/,3000.0,5.0,inception-v3,none
0,25.0,-1,25.0,1e-05,-1,4,0,1,json/inception-v3_param_ps_assignment.json,3.5,-1,10,1,3.5,12,3.3276461037724014,120000.0,1.0,5.0,1,,0,25.0,25.0,-1,0.0,csv/inception-v3/,3000.0,5.0,inception-v3,none
0,25.0,-1,25.0,1e-05,-1,4,1,1,json/inception-v3_param_ps_assignment.json,3.5,-1,10,1,3.5,12,1.4885982390856878,120000.0,1.0,5.0,1,,0,25.0,25.0,-1,0.0,csv/inception-v3/,3000.0,5.0,inception-v3,none
0,25.0,-1,25.0,1e-05,-1,4,0,0,json/inception-v3_param_ps_assignment.json,3.5,-1,10,2,3.5,12,4.446347123184069,120000.0,1.0,5.0,1,,0,25.0,25.0,-1,0.0,csv/inception-v3/,3000.0,5.0,inception-v3,none
0,25.0,-1,25.0,1e-05,-1,4,1,0,json/inception-v3_param_ps_assignment.json,3.5,-1,10,2,3.5,12,2.61251121919645,120000.0,1.0,5.0,1,,0,25.0,25.0,-1,0.0,csv/inception-v3/,3000.0,5.0,inception-v3,none
0,25.0,-1,25.0,1e-05,-1,4,0,1,json/inception-v3_param_ps_assignment.json,3.5,-1,10,2,3.5,12,3.3247069531439,120000.0,1.0,5.0,1,,0,25.0,25.0,-1,0.0,csv/inception-v3/,3000.0,5.0,inception-v3,none
0,25.0,-1,25.0,1e-05,-1,4,1,1,json/inception-v3_param_ps_assignment.json,3.5,-1,10,2,3.5,12,1.4885770038856878,120000.0,1.0,5.0,1,,0,25.0,25.0,-1,0.0,csv/inception-v3/,3000.0,5.0,inception-v3,none
0,25.0,-1,25.0,1e-05,-1,4,0,0,json/inception-v3_param_ps_assignment.json,3.5,-1,10,4,3.5,12,2.5878303908536293,120000.0,1.0,5.0,1,,0,25.0,25.0,-1,0.0,csv/inception-v3/,3000.0,5.0,inception-v3,none
0,25.0,-1,25.0,1e-05,-1,4,1,0,json/inception-v3_param_ps_assignment.json,3.5,-1,10,4,3.5,12,1.6999762468582982,120000.0,1.0,5.0,1,,0,25.0,25.0,-1,0.0,csv/inception-v3/,3000.0,5.0,inception-v3,none
0,25.0,-1,25.0,1e-05,-1,4,0,1,json/inception-v3_param_ps_assignment.json,3.5,-1,10,4,3.5,12,2.381643562057998,120000.0,1.0,5.0,1,,0,25.0,25.0,-1,0.0,csv/inception-v3/,3000.0,5.0,inception-v3,none
0,25.0,-1,25.0,1e-05,-1,4,1,1,json/inception-v3_param_ps_assignment.json,3.5,-1,10,4,3.5,12,1.4885765503999735,120000.0,1.0,5.0,1,,0,25.0,25.0,-1,0.0,csv/inception-v3/,3000.0,5.0,inception-v3,none
0,25.0,-1,25.0,1e-05,-1,4,0,0,json/inception-v3_param_ps_assignment.json,3.5,-1,10,8,3.5,12,1.8503549805717594,120000.0,1.0,5.0,1,,0,25.0,25.0,-1,0.0,csv/inception-v3/,3000.0,5.0,inception-v3,none
0,25.0,-1,25.0,1e-05,-1,4,1,0,json/inception-v3_param_ps_assignment.json,3.5,-1,10,8,3.5,12,1.4885766674285448,120000.0,1.0,5.0,1,,0,25.0,25.0,-1,0.0,csv/inception-v3/,3000.0,5.0,inception-v3,none
0,25.0,-1,25.0,1e-05,-1,4,0,1,json/inception-v3_param_ps_assignment.json,3.5,-1,10,8,3.5,12,1.849927992686042,120000.0,1.0,5.0,1,,0,25.0,25.0,-1,0.0,csv/inception-v3/,3000.0,5.0,inception-v3,none
0,25.0,-1,25.0,1e-05,-1,4,1,1,json/inception-v3_param_ps_assignment.json,3.5,-1,10,8,3.5,12,1.4885765503999735,120000.0,1.0,5.0,1,,0,25.0,25.0,-1,0.0,csv/inception-v3/,3000.0,5.0,inception-v3,none
0,25.0,-1,25.0,1e-05,-1,4,0,0,json/inception-v3_param_ps_assignment.json,3.5,-1,10,1,3.5,2,1.0837234998857668,120000.0,1.0,5.0,1,,0,25.0,25.0,-1,0.0,csv/inception-v3/,3000.0,5.0,inception-v3,none
0,25.0,-1,25.0,1e-05,-1,4,1,0,json/inception-v3_param_ps_assignment.json,3.5,-1,10,1,3.5,2,0.9775927972571157,120000.0,1.0,5.0,1,,0,25.0,25.0,-1,0.0,csv/inception-v3/,3000.0,5.0,inception-v3,none
0,25.0,-1,25.0,1e-05,-1,4,0,1,json/inception-v3_param_ps_assignment.json,3.5,-1,10,1,3.5,2,1.0794610560000664,120000.0,1.0,5.0,1,,0,25.0,25.0,-1,0.0,csv/inception-v3/,3000.0,5.0,inception-v3,none
0,25.0,-1,25.0,1e-05,-1,4,1,1,json/inception-v3_param_ps_assignment.json,3.5,-1,10,1,3.5,2,0.9775820452571156,120000.0,1.0,5.0,1,,0,25.0,25.0,-1,0.0,csv/inception-v3/,3000.0,5.0,inception-v3,none
0,25.0,-1,25.0,1e-05,-1,4,0,0,json/inception-v3_param_ps_assignment.json,3.5,-1,10,2,3.5,2,1.0777328694857835,120000.0,1.0,5.0,1,,0,25.0,25.0,-1,0.0,csv/inception-v3/,3000.0,5.0,inception-v3,none
0,25.0,-1,25.0,1e-05,-1,4,1,0,json/inception-v3_param_ps_assignment.json,3.5,-1,10,2,3.5,2,0.977577003885687,120000.0,1.0,5.0,1,,0,25.0,25.0,-1,0.0,csv/inception-v3/,3000.0,5.0,inception-v3,none
0,25.0,-1,25.0,1e-05,-1,4,0,1,json/inception-v3_param_ps_assignment.json,3.5,-1,10,2,3.5,2,1.077722424685783,120000.0,1.0,5.0,1,,0,25.0,25.0,-1,0.0,csv/inception-v3/,3000.0,5.0,inception-v3,none
0,25.0,-1,25.0,1e-05,-1,4,1,1,json/inception-v3_param_ps_assignment.json,3.5,-1,10,2,3.5,2,0.9775765503999728,120000.0,1.0,5.0,1,,0,25.0,25.0,-1,0.0,csv/inception-v3/,3000.0,5.0,inception-v3,none
0,25.0,-1,25.0,1e-05,-1,4,0,0,json/inception-v3_param_ps_assignment.json,3.5,-1,10,4,3.5,2,0.977578393599973,120000.0,1.0,5.0,1,,0,25.0,25.0,-1,0.0,csv/inception-v3/,3000.0,5.0,inception-v3,none
0,25.0,-1,25.0,1e-05,-1,4,1,0,json/inception-v3_param_ps_assignment.json,3.5,-1,10,4,3.5,2,0.9775765796571158,120000.0,1.0,5.0,1,,0,25.0,25.0,-1,0.0,csv/inception-v3/,3000.0,5.0,inception-v3,none
0,25.0,-1,25.0,1e-05,-1,4,0,1,json/inception-v3_param_ps_assignment.json,3.5,-1,10,4,3.5,2,0.977576959999973,120000.0,1.0,5.0,1,,0,25.0,25.0,-1,0.0,csv/inception-v3/,3000.0,5.0,inception-v3,none
0,25.0,-1,25.0,1e-05,-1,4,0,0,json/inception-v3_param_ps_assignment.json,3.5,-1,10,1,3.5,2,1.0836984576013224,12000.0,1.0,5.0,1,,0,25.0,25.0,-1,0.0,csv/inception-v3/,3000.0,5.0,inception-v3,none
0,25.0,-1,25.0,1e-05,-1,4,1,0,json/inception-v3_param_ps_assignment.json,3.5,-1,10,1,3.5,2,0.9775733129142478,12000.0,1.0,5.0,1,,0,25.0,25.0,-1,0.0,csv/inception-v3/,3000.0,5.0,inception-v3,none
0,25.0,-1,25.0,1e-05,-1,4,0,1,json/inception-v3_param_ps_assignment.json,3.5,-1,10,1,3.5,2,1.0833406093727473,12000.0,1.0,5.0,1,,0,25.0,25.0,-1,0.0,csv/inception-v3/,3000.0,5.0,inception-v3,none
0,25.0,-1,25.0,1e-05,-1,4,1,1,json/inception-v3_param_ps_assignment.json,3.5,-1,10,1,3.5,2,0.9775632159999625,12000.0,1.0,5.0,1,,0,25.0,25.0,-1,0.0,csv/inception-v3/,3000.0,5.0,inception-v3,none
0,25.0,-1,25.0,1e-05,-1,4,0,0,json/inception-v3_param_ps_assignment.json,3.5,-1,10,2,3.5,2,1.078590676115546,12000.0,1.0,5.0,1,,0,25.0,25.0,-1,0.0,csv/inception-v3/,3000.0,5.0,inception-v3,none
0,25.0,-1,25.0,1e-05,-1,4,0,0,json/inception-v3_param_ps_assignment.json,3.5,-1,10,1,3.5,2,0.9794751241142591,120000.0,1.0,10.0,1,,0,25.0,25.0,-1,0.0,csv/inception-v3/,3000.0,10.0,inception-v3,none
0,25.0,-1,25.0,1e-05,-1,4,1,0,json/inception-v3_param_ps_assignment.json,3.5,-1,10,1,3.5,2,0.9775741951999729,120000.0,1.0,10.0,1,,0,25.0,25.0,-1,0.0,csv/inception-v3/,3000.0,10.0,inception-v3,none
0,25.0,-1,25.0,1e-05,-1,4,0,1,json/inception-v3_param_ps_assignment.json,3.5,-1,10,1,3.5,2,0.9779357010285448,120000.0,1.0,10.0,1,,0,25.0,25.0,-1,0.0,csv/inception-v3/,3000.0,10.0,inception-v3,none
0,25.0,-1,25.0,1e-05,-1,4,1,1,json/inception-v3_param_ps_assignment.json,3.5,-1,10,1,3.5,2,0.977574809599973,120000.0,1.0,10.0,1,,0,25.0,25.0,-1,0.0,csv/inception-v3/,3000.0,10.0,inception-v3,none
0,25.0,-1,25.0,1e-05,-1,4,0,0,json/inception-v3_param_ps_assignment.json,3.5,-1,10,2,3.5,2,0.977700499199973,120000.0,1.0,10.0,1,,0,25.0,25.0,-1,0.0,csv/inception-v3/,3000.0,10.0,inception-v3,none
0,25.0,-1,25.0,1e-05,-1,4,1,0,json/inception-v3_param_ps_assignment.json,3.5,-1,10,2,3.5,2,0.9775738879999729,120000.0,1.0,10.0,1,,0,25.0,25.0,-1,0.0,csv/inception-v3/,3000.0,10.0,inception-v3,none
0,25.0,-1,25.0,1e-05,-1,4,0,1,json/inception-v3_param_ps_assignment.json,3.5,-1,10,2,3.5,2,0.9786465727999728,120000.0,1.0,10.0,1,,0,25.0,25.0,-1,0.0,csv/inception-v3/,3000.0,10.0,inception-v3,none
0,25.0,-1,25.0,1e-05,-1,4,1,1,json/inception-v3_param_ps_assignment.json,3.5,-1,10,2,3.5,2,0.9775738879999729,120000.0,1.0,10.0,1,,0,25.0,25.0,-1,0.0,csv/inception-v3/,3000.0,10.0,inception-v3,none
0,25.0,-1,25.0,1e-05,-1,4,0,0,json/inception-v3_param_ps_assignment.json,3.5,-1,10,4,3.5,2,0.9775738148571158,120000.0,1.0,10.0,1,,0,25.0,25.0,-1,0.0,csv/inception-v3/,3000.0,10.0,inception-v3,none
0,25.0,-1,25.0,1e-05,-1,4,1,0,json/inception-v3_param_ps_assignment.json,3.5,-1,10,4,3.5,2,0.9775739903999728,120000.0,1.0,10.0,1,,0,25.0,25.0,-1,0.0,csv/inception-v3/,3000.0,10.0,inception-v3,none
0,25.0,-1,25.0,1e-05,-1,4,0,1,json/inception-v3_param_ps_assignment.json,3.5,-1,10,4,3.5,2,0.977573785599973,120000.0,1.0,10.0,1,,0,25.0,25.0,-1,0.0,csv/inception-v3/,3000.0,10.0,inception-v3,none
0,25.0,-1,25.0,1e-05,-1,4,1,1,json/inception-v3_param_ps_assignment.json,3.5,-1,10,4,3.5,2,0.9775737855999732,120000.0,1.0,10.0,1,,0,25.0,25.0,-1,0.0,csv/inception-v3/,3000.0,10.0,inception-v3,none
0,25.0,-1,25.0,1e-05,-1,4,0,0,json/inception-v3_param_ps_assignment.json,3.5,-1,10,8,3.5,2,0.977573785599973,120000.0,1.0,10.0,1,,0,25.0,25.0,-1,0.0,csv/inception-v3/,3000.0,10.0,inception-v3,none
0,25.0,-1,25.0,1e-05,-1,4,1,0,json/inception-v3_param_ps_assignment.json,3.5,-1,10,8,3.5,2,0.977573683199973,120000.0,1.0,10.0,1,,0,25.0,25.0,-1,0.0,csv/inception-v3/,3000.0,10.0,inception-v3,none
0,25.0,-1,25.0,1e-05,-1,4,0,1,json/inception-v3_param_ps_assignment.json,3.5,-1,10,8,3.5,2,0.977573785599973,120000.0,1.0,10.0,1,,0,25.0,25.0,-1,0.0,csv/inception-v3/,3000.0,10.0,inception-v3,none
0,25.0,-1,25.0,1e-05,-1,4,1,1,json/inception-v3_param_ps_assignment.json,3.5,-1,10,8,3.5,2,0.977573683199973,120000.0,1.0,10.0,1,,0,25.0,25.0,-1,0.0,csv/inception-v3/,3000.0,10.0,inception-v3,none
0,25.0,-1,25.0,1e-05,-1,4,0,0,json/inception-v3_param_ps_assignment.json,3.5,-1,10,1,3.5,4,1.1459880621716367,120000.0,1.0,10.0,1,,0,25.0,25.0,-1,0.0,csv/inception-v3/,3000.0,10.0,inception-v3,none
0,25.0,-1,25.0,1e-05,-1,4,1,0,json/inception-v3_param_ps_assignment.json,3.5,-1,10,1,3.5,4,1.046584820114259,120000.0,1.0,10.0,1,,0,25.0,25.0,-1,0.0,csv/inception-v3/,3000.0,10.0,inception-v3,none
0,25.0,-1,25.0,1e-05,-1,4,0,1,json/inception-v3_param_ps_assignment.json,3.5,-1,10,1,3.5,4,1.1462955693716335,120000.0,1.0,10.0,1,,0,25.0,25.0,-1,0.0,csv/inception-v3/,3000.0,10.0,inception-v3,none
0,25.0,-1,25.0,1e-05,-1,4,0,0,json/inception-v3_param_ps_assignment.json,10.0,-1,10,1,10.0,2,0.9030114688000345,120000.0,1.0,10.0,1,,0,25.0,25.0,-1,0.0,csv/inception-v3/,3000.0,10.0,inception-v3,none
0,25.0,-1,25.0,1e-05,-1,4,1,0,json/inception-v3_param_ps_assignment.json,10.0,-1,10,1,10.0,2,0.8160405503999933,120000.0,1.0,10.0,1,,0,25.0,25.0,-1,0.0,csv/inception-v3/,3000.0,10.0,inception-v3,none
0,25.0,-1,25.0,1e-05,-1,4,0,1,json/inception-v3_param_ps_assignment.json,10.0,-1,10,1,10.0,2,0.903011980800036,120000.0,1.0,10.0,1,,0,25.0,25.0,-1,0.0,csv/inception-v3/,3000.0,10.0,inception-v3,none
0,25.0,-1,25.0,1e-05,-1,4,1,1,json/inception-v3_param_ps_assignment.json,10.0,-1,10,1,10.0,2,0.8160405503999933,120000.0,1.0,10.0,1,,0,25.0,25.0,-1,0.0,csv/inception-v3/,3000.0,10.0,inception-v3,none
0,25.0,-1,25.0,1e-05,-1,4,0,0,json/inception-v3_param_ps_assignment.json,10.0,-1,10,2,10.0,2,0.9027669248000346,120000.0,1.0,10.0,1,,0,25.0,25.0,-1,0.0,csv/inception-v3/,3000.0,10.0,inception-v3,none
0,25.0,-1,25.0,1e-05,-1,4,1,0,json/inception-v3_param_ps_assignment.json,10.0,-1,10,2,10.0,2,0.8160297791999931,120000.0,1.0,10.0,1,,0,25.0,25.0,-1,0.0,csv/inception-v3/,3000.0,10.0,inception-v3,none
0,25.0,-1,25.0,1e-05,-1,4,0,1,json/inception-v3_param_ps_assignment.json,10.0,-1,10,2,10.0,2,0.9027739072000348,120000.0,1.0,10.0,1,,0,25.0,25.0,-1,0.0,csv/inception-v3/,3000.0,10.0,inception-v3,none
0,25.0,-1,25.0,1e-05,-1,4,1,1,json/inception-v3_param_ps_assignment.json,10.0,-1,10,2,10.0,2,0.8160297791999932,120000.0,1.0,10.0,1,,0,25.0,25.0,-1,0.0,csv/inception-v3/,3000.0,10.0,inception-v3,none
0,25.0,-1,25.0,1e-05,-1,4,0,0,json/inception-v3_param_ps_assignment.json,10.0,-1,10,4,10.0,2,0.8241852863999918,120000.0,1.0,10.0,1,,0,25.0,25.0,-1,0.0,csv/inception-v3/,3000.0,10.0,inception-v3,none
0,25.0,-1,25.0,1e-05,-1,4,1,0,json/inception-v3_param_ps_assignment.json,10.0,-1,10,4,10.0,2,0.8160290623999932,120000.0,1.0,10.0,1,,0,25.0,25.0,-1,0.0,csv/inception-v3/,3000.0,10.0,inception-v3,none
0,25.0,-1,25.0,1e-05,-1,4,0,1,json/inception-v3_param_ps_assignment.json,10.0,-1,10,4,10.0,2,0.8227744191999922,120000.0,1.0,10.0,1,,0,25.0,25.0,-1,0.0,csv/inception-v3/,3000.0,10.0,inception-v3,none
0,25.0,-1,25.0,1e-05,-1,4,1,1,json/inception-v3_param_ps_assignment.json,10.0,-1,10,4,10.0,2,0.8160288575999933,120000.0,1.0,10.0,1,,0,25.0,25.0,-1,0.0,csv/inception-v3/,3000.0,10.0,inception-v3,none
0,25.0,-1,25.0,1e-05,-1,4,0,0,json/inception-v3_param_ps_assignment.json,10.0,-1,10,8,10.0,2,0.8162241983999932,120000.0,1.0,10.0,1,,0,25.0,25.0,-1,0.0,csv/inception-v3/,3000.0,10.0,inception-v3,none
0,25.0,-1,25.0,1e-05,-1,4,1,0,json/inception-v3_param_ps_assignment.json,10.0,-1,10,8,10.0,2,0.8160289599999931,120000.0,1.0,10.0,1,,0,25.0,25.0,-1,0.0,csv/inception-v3/,3000.0,10.0,inception-v3,none
0,25.0,-1,25.0,1e-05,-1,4,0,1,json/inception-v3_param_ps_assignment.json,10.0,-1,10,8,10.0,2,0.8160290623999932,120000.0,1.0,10.0,1,,0,25.0,25.0,-1,0.0,csv/inception-v3/,3000.0,10.0,inception-v3,none
0,25.0,-1,25.0,1e-05,-1,4,1,1,json/inception-v3_param_ps_assignment.json,10.0,-1,10,8,10.0,2,0.8160289599999931,120000.0,1.0,10.0,1,,0,25.0,25.0,-1,0.0,csv/inception-v3/,3000.0,10.0,inception-v3,none
0,25.0,-1,25.0,1e-05,-1,4,0,0,json/inception-v3_param_ps_assignment.json,10.0,-1,10,1,10.0,4,1.1459777152002057,120000.0,1.0,10.0,1,,0,25.0,25.0,-1,0.0,csv/inception-v3/,3000.0,10.0,inception-v3,none
0,25.0,-1,25.0,1e-05,-1,4,1,0,json/inception-v3_param_ps_assignment.json,10.0,-1,10,1,10.0,4,0.8850405503999935,120000.0,1.0,10.0,1,,0,25.0,25.0,-1,0.0,csv/inception-v3/,3000.0,10.0,inception-v3,none
0,25.0,-1,25.0,1e-05,-1,4,0,1,json/inception-v3_param_ps_assignment.json,10.0,-1,10,1,10.0,4,1.1459776128002057,120000.0,1.0,10.0,1,,0,25.0,25.0,-1,0.0,csv/inception-v3/,3000.0,10.0,inception-v3,none
0,25.0,-1,25.0,1e-05,-1,4,1,1,json/inception-v3_param_ps_assignment.json,10.0,-1,10,1,10.0,4,0.8850405503999932,120000.0,1.0,10.0,1,,0,25.0,25.0,-1,0.0,csv/inception-v3/,3000.0,10.0,inception-v3,none
0,25.0,-1,25.0,1e-05,-1,4,0,0,json/inception-v3_param_ps_assignment.json,10.0,-1,10,2,10.0,4,1.145488524800207,120000.0,1.0,10.0,1,,0,25.0,25.0,-1,0.0,csv/inception-v3/,3000.0,10.0,inception-v3,none
0,25.0,-1,25.0,1e-05,-1,4,1,0,json/inception-v3_param_ps_assignment.json,10.0,-1,10,2,10.0,4,0.8850291647999933,120000.0,1.0,10.0,1,,0,25.0,25.0,-1,0.0,csv/inception-v3/,3000.0,10.0,inception-v3,none
0,25.0,-1,25.0,1e-05,-1,4,0,1,json/inception-v3_param_ps_assignment.json,10.0,-1,10,2,10.0,4,1.1454885248002062,120000.0,1.0,10.0,1,,0,25.0,25.0,-1,0.0,csv/inception-v3/,3000.0,10.0,inception-v3,none
0,25.0,-1,25.0,1e-05,-1,4,1,1,json/inception-v3_param_ps_assignment.json,10.0,-1,10,2,10.0,4,0.8850288575999934,120000.0,1.0,10.0,1,,0,25.0,25.0,-1,0.0,csv/inception-v3/,3000.0,10.0,inception-v3,none
0,25.0,-1,25.0,1e-05,-1,4,0,0,json/inception-v3_param_ps_assignment.json,10.0,-1,10,4,10.0,4,0.9883104640000513,120000.0,1.0,10.0,1,,0,25.0,25.0,-1,0.0,csv/inception-v3/,3000.0,10.0,inception-v3,none
0,25.0,-1,25.0,1e-05,-1,4,0,0,json/inception-v3_param_ps_assignment.json,10.0,-1,10,1,10.0,2,0.9030114688000346,120000.0,1.0,10.0,1,,0,25.0,25.0,-1,0.0,csv/inception-v3/,3000.0,10.0,inception-v3,none
0,25.0,-1,25.0,1e-05,-1,4,1,0,json/inception-v3_param_ps_assignment.json,10.0,-1,10,1,10.0,2,0.8160405503999932,120000.0,1.0,10.0,1,,0,25.0,25.0,-1,0.0,csv/inception-v3/,3000.0,10.0,inception-v3,none
0,25.0,-1,25.0,1e-05,-1,4,0,1,json/inception-v3_param_ps_assignment.json,10.0,-1,10,1,10.0,2,0.9030119808000335,120000.0,1.0,10.0,1,,0,25.0,25.0,-1,0.0,csv/inception-v3/,3000.0,10.0,inception-v3,none
0,25.0,-1,25.0,1e-05,-1,4,1,1,json/inception-v3_param_ps_assignment.json,10.0,-1,10,1,10.0,2,0.8160405503999931,120000.0,1.0,10.0,1,,0,25.0,25.0,-1,0.0,csv/inception-v3/,3000.0,10.0,inception-v3,none
0,25.0,-1,25.0,1e-05,-1,4,0,0,json/inception-v3_param_ps_assignment.json,10.0,-1,10,2,10.0,2,0.9027671296000359,120000.0,1.0,10.0,1,,0,25.0,25.0,-1,0.0,csv/inception-v3/,3000.0,10.0,inception-v3,none
0,25.0,-1,25.0,1e-05,-1,4,1,0,json/inception-v3_param_ps_assignment.json,10.0,-1,10,2,10.0,2,0.8160287551999932,120000.0,1.0,10.0,1,,0,25.0,25.0,-1,0.0,csv/inception-v3/,3000.0,10.0,inception-v3,none
0,25.0,-1,25.0,1e-05,-1,4,0,1,json/inception-v3_param_ps_assignment.json,10.0,-1,10,2,10.0,2,0.9027758528000353,120000.0,1.0,10.0,1,,0,25.0,25.0,-1,0.0,csv/inception-v3/,3000.0,10.0,inception-v3,none
0,25.0,-1,25.0,1e-05,-1,4,1,1,json/inception-v3_param_ps_assignment.json,10.0,-1,10,2,10.0,2,0.8160287551999932,120000.0,1.0,10.0,1,,0,25.0,25.0,-1,0.0,csv/inception-v3/,3000.0,10.0,inception-v3,none
0,25.0,-1,25.0,1e-05,-1,4,0,0,json/inception-v3_param_ps_assignment.json,10.0,-1,10,4,10.0,2,0.8241899967999919,120000.0,1.0,10.0,1,,0,25.0,25.0,-1,0.0,csv/inception-v3/,3000.0,10.0,inception-v3,none
0,25.0,-1,25.0,1e-05,-1,4,1,0,json/inception-v3_param_ps_assignment.json,10.0,-1,10,4,10.0,2,0.8160289599999933,120000.0,1.0,10.0,1,,0,25.0,25.0,-1,0.0,csv/inception-v3/,3000.0,10.0,inception-v3,none
0,25.0,-1,25.0,1e-05,-1,4,0,1,json/inception-v3_param_ps_assignment.json,10.0,-1,10,4,10.0,2,0.8241899967999919,120000.0,1.0,10.0,1,,0,25.0,25.0,-1,0.0,csv/inception-v3/,3000.0,10.0,inception-v3,none
0,25.0,-1,25.0,1e-05,-1,4,1,1,json/inception-v3_param_ps_assignment.json,10.0,-1,10,4,10.0,2,0.8160290623999932,120000.0,1.0,10.0,1,,0,25.0,25.0,-1,0.0,csv/inception-v3/,3000.0,10.0,inception-v3,none
0,25.0,-1,25.0,1e-05,-1,4,0,0,json/inception-v3_param_ps_assignment.json,10.0,-1,10,8,10.0,2,0.8160289599999933,120000.0,1.0,10.0,1,,0,25.0,25.0,-1,0.0,csv/inception-v3/,3000.0,10.0,inception-v3,none
0,25.0,-1,25.0,1e-05,-1,4,1,0,json/inception-v3_param_ps_assignment.json,10.0,-1,10,8,10.0,2,0.8160286527999933,120000.0,1.0,10.0,1,,0,25.0,25.0,-1,0.0,csv/inception-v3/,3000.0,10.0,inception-v3,none
0,25.0,-1,25.0,1e-05,-1,4,0,1,json/inception-v3_param_ps_assignment.json,10.0,-1,10,8,10.0,2,0.8160288575999932,120000.0,1.0,10.0,1,,0,25.0,25.0,-1,0.0,csv/inception-v3/,3000.0,10.0,inception-v3,none
0,25.0,-1,25.0,1e-05,-1,4,1,1,json/inception-v3_param_ps_assignment.json,10.0,-1,10,8,10.0,2,0.8160287551999932,120000.0,1.0,10.0,1,,0,25.0,25.0,-1,0.0,csv/inception-v3/,3000.0,10.0,inception-v3,none
0,25.0,-1,25.0,1e-05,-1,4,0,0,json/inception-v3_param_ps_assignment.json,10.0,-1,10,1,10.0,4,1.1459765888002067,120000.0,1.0,10.0,1,,0,25.0,25.0,-1,0.0,csv/inception-v3/,3000.0,10.0,inception-v3,none
0,25.0,-1,25.0,1e-05,-1,4,1,0,json/inception-v3_param_ps_assignment.json,10.0,-1,10,1,10.0,4,0.8850405503999934,120000.0,1.0,10.0,1,,0,25.0,25.0,-1,0.0,csv/inception-v3/,3000.0,10.0,inception-v3,none
0,25.0,-1,25.0,1e-05,-1,4,0,1,json/inception-v3_param_ps_assignment.json,10.0,-1,10,1,10.0,4,1.1459778176002087,120000.0,1.0,10.0,1,,0,25.0,25.0,-1,0.0,csv/inception-v3/,3000.0,10.0,inception-v3,none
0,25.0,-1,25.0,1e-05,-1,4,1,1,json/inception-v3_param_ps_assignment.json,10.0,-1,10,1,10.0,4,0.8850405503999935,120000.0,1.0,10.0,1,,0,25.0,25.0,-1,0.0,csv/inception-v3/,3000.0,10.0,inception-v3,none
0,25.0,-1,25.0,1e-05,-1,4,0,0,json/inception-v3_param_ps_assignment.json,10.0,-1,10,2,10.0,4,1.1454866816002058,120000.0,1.0,10.0,1,,0,25.0,25.0,-1,0.0,csv/inception-v3/,3000.0,10.0,inception-v3,none
0,25.0,-1,25.0,1e-05,-1,4,1,0,json/inception-v3_param_ps_assignment.json,10.0,-1,10,2,10.0,4,0.8850297791999931,120000.0,1.0,10.0,1,,0,25.0,25.0,-1,0.0,csv/inception-v3/,3000.0,10.0,inception-v3,none
0,25.0,-1,25.0,1e-05,-1,4,0,1,json/inception-v3_param_ps_assignment.json,10.0,-1,10,2,10.0,4,1.1454883200002075,120000.0,1.0,10.0,1,,0,25.0,25.0,-1,0.0,csv/inception-v3/,3000.0,10.0,inception-v3,none
0,25.0,-1,25.0,1e-05,-1,4,1,1,json/inception-v3_param_ps_assignment.json,10.0,-1,10,2,10.0,4,0.8850297791999935,120000.0,1.0,10.0,1,,0,25.0,25.0,-1,0.0,csv/inception-v3/,3000.0,10.0,inception-v3,none
0,25.0,-1,25.0,1e-05,-1,4,0,0,json/inception-v3_param_ps_assignment.json,10.0,-1,10,4,10.0,4,0.9883094400000514,120000.0,1.0,10.0,1,,0,25.0,25.0,-1,0.0,csv/inception-v3/,3000.0,10.0,inception-v3,none
0,25.0,-1,25.0,1e-05,-1,4,1,0,json/inception-v3_param_ps_assignment.json,10.0,-1,10,4,10.0,4,0.8850289599999932,120000.0,1.0,10.0,1,,0,25.0,25.0,-1,0.0,csv/inception-v3/,3000.0,10.0,inception-v3,none
0,25.0,-1,25.0,1e-05,-1,4,0,1,json/inception-v3_param_ps_assignment.json,10.0,-1,10,4,10.0,4,0.9883098496000514,120000.0,1.0,10.0,1,,0,25.0,25.0,-1,0.0,csv/inception-v3/,3000.0,10.0,inception-v3,none
0,25.0,-1,25.0,1e-05,-1,4,1,1,json/inception-v3_param_ps_assignment.json,10.0,-1,10,4,10.0,4,0.8850289599999933,120000.0,1.0,10.0,1,,0,25.0,25.0,-1,0.0,csv/inception-v3/,3000.0,10.0,inception-v3,none
0,25.0,-1,25.0,1e-05,-1,4,0,0,json/inception-v3_param_ps_assignment.json,10.0,-1,10,8,10.0,4,0.8996910463999909,120000.0,1.0,10.0,1,,0,25.0,25.0,-1,0.0,csv/inception-v3/,3000.0,10.0,inception-v3,none
0,25.0,-1,25.0,1e-05,-1,4,1,0,json/inception-v3_param_ps_assignment.json,10.0,-1,10,8,10.0,4,0.8850288575999933,120000.0,1.0,10.0,1,,0,25.0,25.0,-1,0.0,csv/inception-v3/,3000.0,10.0,inception-v3,none
0,25.0,-1,25.0,1e-05,-1,4,0,1,json/inception-v3_param_ps_assignment.json,10.0,-1,10,8,10.0,4,0.899691251199991,120000.0,1.0,10.0,1,,0,25.0,25.0,-1,0.0,csv/inception-v3/,3000.0,10.0,inception-v3,none
0,25.0,-1,25.0,1e-05,-1,4,1,1,json/inception-v3_param_ps_assignment.json,10.0,-1,10,8,10.0,4,0.8850287551999932,120000.0,1.0,10.0,1,,0,25.0,25.0,-1,0.0,csv/inception-v3/,3000.0,10.0,inception-v3,none
0,25.0,-1,25.0,1e-05,-1,4,0,0,json/inception-v3_param_ps_assignment.json,10.0,-1,10,1,10.0,8,1.889910412800548,120000.0,1.0,10.0,1,,0,25.0,25.0,-1,0.0,csv/inception-v3/,3000.0,10.0,inception-v3,none
0,25.0,-1,25.0,1e-05,-1,4,1,0,json/inception-v3_param_ps_assignment.json,10.0,-1,10,1,10.0,8,1.2810405503999933,120000.0,1.0,10.0,1,,0,25.0,25.0,-1,0.0,csv/inception-v3/,3000.0,10.0,inception-v3,none
0,25.0,-1,25.0,1e-05,-1,4,0,1,json/inception-v3_param_ps_assignment.json,10.0,-1,10,1,10.0,8,1.8899072896005333,120000.0,1.0,10.0,1,,0,25.0,25.0,-1,0.0,csv/inception-v3/,3000.0,10.0,inception-v3,none
0,25.0,-1,25.0,1e-05,-1,4,1,1,json/inception-v3_param_ps_assignment.json,10.0,-1,10,1,10.0,8,1.2810405503999933,120000.0,1.0,10.0,1,,0,25.0,25.0,-1,0.0,csv/inception-v3/,3000.0,10.0,inception-v3,none
0,25.0,-1,25.0,1e-05,-1,4,0,0,json/inception-v3_param_ps_assignment.json,10.0,-1,10,2,10.0,8,1.8889304960005484,120000.0,1.0,10.0,1,,0,25.0,25.0,-1,0.0,csv/inception-v3/,3000.0,10.0,inception-v3,none
0,25.0,-1,25.0,1e-05,-1,4,1,0,json/inception-v3_param_ps_assignment.json,10.0,-1,10,2,10.0,8,1.2810288575999935,120000.0,1.0,10.0,1,,0,25.0,25.0,-1,0.0,csv/inception-v3/,3000.0,10.0,inception-v3,none
0,25.0,-1,25.0,1e-05,-1,4,0,1,json/inception-v3_param_ps_assignment.json,10.0,-1,10,2,10.0,8,1.888929369600544,120000.0,1.0,10.0,1,,0,25.0,25.0,-1,0.0,csv/inception-v3/,3000.0,10.0,inception-v3,none
0,25.0,-1,25.0,1e-05,-1,4,1,1,json/inception-v3_param_ps_assignment.json,10.0,-1,10,2,10.0,8,1.2810286527999935,120000.0,1.0,10.0,1,,0,25.0,25.0,-1,0.0,csv/inception-v3/,3000.0,10.0,inception-v3,none
0,25.0,-1,25.0,1e-05,-1,4,0,0,json/inception-v3_param_ps_assignment.json,10.0,-1,10,4,10.0,8,1.5745735552002393,120000.0,1.0,10.0,1,,0,25.0,25.0,-1,0.0,csv/inception-v3/,3000.0,10.0,inception-v3,none
0,25.0,-1,25.0,1e-05,-1,4,1,0,json/inception-v3_param_ps_assignment.json,10.0,-1,10,4,10.0,8,1.2810291647999934,120000.0,1.0,10.0,1,,0,25.0,25.0,-1,0.0,csv/inception-v3/,3000.0,10.0,inception-v3,none
0,25.0,-1,25.0,1e-05,-1,4,0,1,json/inception-v3_param_ps_assignment.json,10.0,-1,10,4,10.0,8,1.5692789824002362,120000.0,1.0,10.0,1,,0,25.0,25.0,-1,0.0,csv/inception-v3/,3000.0,10.0,inception-v3,none
0,25.0,-1,25.0,1e-05,-1,4,1,1,json/inception-v3_param_ps_assignment.json,10.0,-1,10,4,10.0,8,1.2810291647999932,120000.0,1.0,10.0,1,,0,25.0,25.0,-1,0.0,csv/inception-v3/,3000.0,10.0,inception-v3,none
0,25.0,-1,25.0,1e-05,-1,4,0,0,json/inception-v3_param_ps_assignment.json,10.0,-1,10,8,10.0,8,1.3907949632000594,120000.0,1.0,10.0,1,,0,25.0,25.0,-1,0.0,csv/inception-v3/,3000.0,10.0,inception-v3,none
0,25.0,-1,25.0,1e-05,-1,4,1,0,json/inception-v3_param_ps_assignment.json,10.0,-1,10,8,10.0,8,1.2810286527999935,120000.0,1.0,10.0,1,,0,25.0,25.0,-1,0.0,csv/inception-v3/,3000.0,10.0,inception-v3,none
0,25.0,-1,25.0,1e-05,-1,4,0,1,json/inception-v3_param_ps_assignment.json,10.0,-1,10,8,10.0,8,1.3863385152000547,120000.0,1.0,10.0,1,,0,25.0,25.0,-1,0.0,csv/inception-v3/,3000.0,10.0,inception-v3,none
0,25.0,-1,25.0,1e-05,-1,4,1,1,json/inception-v3_param_ps_assignment.json,10.0,-1,10,8,10.0,8,1.2810287551999935,120000.0,1.0,10.0,1,,0,25.0,25.0,-1,0.0,csv/inception-v3/,3000.0,10.0,inception-v3,none
0,25.0,-1,25.0,1e-05,-1,4,0,0,json/inception-v3_param_ps_assignment.json,10.0,-1,10,1,10.0,12,2.365603599992011,120000.0,1.0,10.0,1,,0,25.0,25.0,-1,0.0,csv/inception-v3/,3000.0,10.0,inception-v3,none
0,25.0,-1,25.0,1e-05,-1,4,1,0,json/inception-v3_param_ps_assignment.json,10.0,-1,10,1,10.0,12,1.4088087199972745,120000.0,1.0,10.0,1,,0,25.0,25.0,-1,0.0,csv/inception-v3/,3000.0,10.0,inception-v3,none
0,25.0,-1,25.0,1e-05,-1,4,0,1,json/inception-v3_param_ps_assignment.json,10.0,-1,10,1,10.0,12,2.2838419840004685,120000.0,1.0,10.0,1,,0,25.0,25.0,-1,0.0,csv/inception-v3/,3000.0,10.0,inception-v3,none
0,25.0,-1,25.0,1e-05,-1,4,1,1,json/inception-v3_param_ps_assignment.json,10.0,-1,10,1,10.0,12,1.3270405503999936,120000.0,1.0,10.0,1,,0,25.0,25.0,-1,0.0,csv/inception-v3/,3000.0,10.0,inception-v3,none
0,25.0,-1,25.0,1e-05,-1,4,0,0,json/inception-v3_param_ps_assignment.json,10.0,-1,10,2,10.0,12,2.362968364792002,120000.0,1.0,10.0,1,,0,25.0,25.0,-1,0.0,csv/inception-v3/,3000.0,10.0,inception-v3,none
0,25.0,-1,25.0,1e-05,-1,4,1,0,json/inception-v3_param_ps_assignment.json,10.0,-1,10,2,10.0,12,1.4076238335972948,120000.0,1.0,10.0,1,,0,25.0,25.0,-1,0.0,csv/inception-v3/,3000.0,10.0,inception-v3,none
0,25.0,-1,25.0,1e-05,-1,4,0,1,json/inception-v3_param_ps_assignment.json,10.0,-1,10,2,10.0,12,2.2823741056005,120000.0,1.0,10.0,1,,0,25.0,25.0,-1,0.0,csv/inception-v3/,3000.0,10.0,inception-v3,none
0,25.0,-1,25.0,1e-05,-1,4,1,1,json/inception-v3_param_ps_assignment.json,10.0,-1,10,2,10.0,12,1.3270291647999934,120000.0,1.0,10.0,1,,0,25.0,25.0,-1,0.0,csv/inception-v3/,3000.0,10.0,inception-v3,none
0,25.0,-1,25.0,1e-05,-1,4,0,0,json/inception-v3_param_ps_assignment.json,10.0,-1,10,4,10.0,12,1.8108523328004273,120000.0,1.0,10.0,1,,0,25.0,25.0,-1,0.0,csv/inception-v3/,3000.0,10.0,inception-v3,none
0,25.0,-1,25.0,1e-05,-1,4,1,0,json/inception-v3_param_ps_assignment.json,10.0,-1,10,4,10.0,12,1.3270287551999935,120000.0,1.0,10.0,1,,0,25.0,25.0,-1,0.0,csv/inception-v3/,3000.0,10.0,inception-v3,none
0,25.0,-1,25.0,1e-05,-1,4,0,1,json/inception-v3_param_ps_assignment.json,10.0,-1,10,4,10.0,12,1.8108362368004216,120000.0,1.0,10.0,1,,0,25.0,25.0,-1,0.0,csv/inception-v3/,3000.0,10.0,inception-v3,none
0,25.0,-1,25.0,1e-05,-1,4,1,1,json/inception-v3_param_ps_assignment.json,10.0,-1,10,4,10.0,12,1.3270287551999935,120000.0,1.0,10.0,1,,0,25.0,25.0,-1,0.0,csv/inception-v3/,3000.0,10.0,inception-v3,none
0,25.0,-1,25.0,1e-05,-1,4,0,0,json/inception-v3_param_ps_assignment.json,10.0,-1,10,8,10.0,12,1.5449788032001652,120000.0,1.0,10.0,1,,0,25.0,25.0,-1,0.0,csv/inception-v3/,3000.0,10.0,inception-v3,none
0,25.0,-1,25.0,1e-05,-1,4,1,0,json/inception-v3_param_ps_assignment.json,10.0,-1,10,8,10.0,12,1.3270286527999935,120000.0,1.0,10.0,1,,0,25.0,25.0,-1,0.0,csv/inception-v3/,3000.0,10.0,inception-v3,none
0,25.0,-1,25.0,1e-05,-1,4,0,1,json/inception-v3_param_ps_assignment.json,10.0,-1,10,8,10.0,12,1.5449804416001656,120000.0,1.0,10.0,1,,0,25.0,25.0,-1,0.0,csv/inception-v3/,3000.0,10.0,inception-v3,none
0,25.0,-1,25.0,1e-05,-1,4,1,1,json/inception-v3_param_ps_assignment.json,10.0,-1,10,8,10.0,12,1.3270286527999935,120000.0,1.0,10.0,1,,0,25.0,25.0,-1,0.0,csv/inception-v3/,3000.0,10.0,inception-v3,none
0,25.0,-1,25.0,1e-05,-1,4,0,0,json/inception-v3_param_ps_assignment.json,10.0,-1,10,1,10.0,2,0.903062890240035,120000.0,1.0,10.0,0,,0,25.0,25.0,-1,0.0,csv/inception-v3/,3000.0,10.0,inception-v3,none
0,25.0,-1,25.0,1e-05,-1,4,1,0,json/inception-v3_param_ps_assignment.json,10.0,-1,10,1,10.0,2,0.8160923622399933,120000.0,1.0,10.0,0,,0,25.0,25.0,-1,0.0,csv/inception-v3/,3000.0,10.0,inception-v3,none
0,25.0,-1,25.0,1e-05,-1,4,0,1,json/inception-v3_param_ps_assignment.json,10.0,-1,10,1,10.0,2,0.9030544179200338,120000.0,1.0,10.0,0,,0,25.0,25.0,-1,0.0,csv/inception-v3/,3000.0,10.0,inception-v3,none
0,25.0,-1,25.0,1e-05,-1,4,1,1,json/inception-v3_param_ps_assignment.json,10.0,-1,10,1,10.0,2,0.8160923622399934,120000.0,1.0,10.0,0,,0,25.0,25.0,-1,0.0,csv/inception-v3/,3000.0,10.0,inception-v3,none
0,25.0,-1,25.0,1e-05,-1,4,0,0,json/inception-v3_param_ps_assignment.json,10.0,-1,10,2,10.0,2,0.9028112806400355,120000.0,1.0,10.0,0,,0,25.0,25.0,-1,0.0,csv/inception-v3/,3000.0,10.0,inception-v3,none
0,25.0,-1,25.0,1e-05,-1,4,1,0,json/inception-v3_param_ps_assignment.json,10.0,-1,10,2,10.0,2,0.8160717145599932,120000.0,1.0,10.0,0,,0,25.0,25.0,-1,0.0,csv/inception-v3/,3000.0,10.0,inception-v3,none
0,25.0,-1,25.0,1e-05,-1,4,0,1,json/inception-v3_param_ps_assignment.json,10.0,-1,10,2,10.0,2,0.9028305318400358,120000.0,1.0,10.0,0,,0,25.0,25.0,-1,0.0,csv/inception-v3/,3000.0,10.0,inception-v3,none
0,25.0,-1,25.0,1e-05,-1,4,1,1,json/inception-v3_param_ps_assignment.json,10.0,-1,10,2,10.0,2,0.8160715609599932,120000.0,1.0,10.0,0,,0,25.0,25.0,-1,0.0,csv/inception-v3/,3000.0,10.0,inception-v3,none
0,25.0,-1,25.0,1e-05,-1,4,0,0,json/inception-v3_param_ps_assignment.json,10.0,-1,10,4,10.0,2,0.8242323878399919,120000.0,1.0,10.0,0,,0,25.0,25.0,-1,0.0,csv/inception-v3/,3000.0,10.0,inception-v3,none
0,25.0,-1,25.0,1e-05,-1,4,1,0,json/inception-v3_param_ps_assignment.json,10.0,-1,10,4,10.0,2,0.8160712230399934,120000.0,1.0,10.0,0,,0,25.0,25.0,-1,0.0,csv/inception-v3/,3000.0,10.0,inception-v3,none
0,25.0,-1,25.0,1e-05,-1,4,0,1,json/inception-v3_param_ps_assignment.json,10.0,-1,10,4,10.0,2,0.8242418086399919,120000.0,1.0,10.0,0,,0,25.0,25.0,-1,0.0,csv/inception-v3/,3000.0,10.0,inception-v3,none
0,25.0,-1,25.0,1e-05,-1,4,1,1,json/inception-v3_param_ps_assignment.json,10.0,-1,10,4,10.0,2,0.8160712230399931,120000.0,1.0,10.0,0,,0,25.0,25.0,-1,0.0,csv/inception-v3/,3000.0,10.0,inception-v3,none
0,25.0,-1,25.0,1e-05,-1,4,0,0,json/inception-v3_param_ps_assignment.json,10.0,-1,10,8,10.0,2,0.8161565094399932,120000.0,1.0,10.0,0,,0,25.0,25.0,-1,0.0,csv/inception-v3/,3000.0,10.0,inception-v3,none
0,25.0,-1,25.0,1e-05,-1,4,1,0,json/inception-v3_param_ps_assignment.json,10.0,-1,10,8,10.0,2,0.8160710182399932,120000.0,1.0,10.0,0,,0,25.0,25.0,-1,0.0,csv/inception-v3/,3000.0,10.0,inception-v3,none
0,25.0,-1,25.0,1e-05,-1,4,0,1,json/inception-v3_param_ps_assignment.json,10.0,-1,10,8,10.0,2,0.8160713356799931,120000.0,1.0,10.0,0,,0,25.0,25.0,-1,0.0,csv/inception-v3/,3000.0,10.0,inception-v3,none
0,25.0,-1,25.0,1e-05,-1,4,1,1,json/inception-v3_param_ps_assignment.json,10.0,-1,10,8,10.0,2,0.8160713766399931,120000.0,1.0,10.0,0,,0,25.0,25.0,-1,0.0,csv/inception-v3/,3000.0,10.0,inception-v3,none
0,25.0,-1,25.0,1e-05,-1,4,0,0,json/inception-v3_param_ps_assignment.json,10.0,-1,10,1,10.0,4,1.1460201932802059,120000.0,1.0,10.0,0,,0,25.0,25.0,-1,0.0,csv/inception-v3/,3000.0,10.0,inception-v3,none
0,25.0,-1,25.0,1e-05,-1,4,1,0,json/inception-v3_param_ps_assignment.json,10.0,-1,10,1,10.0,4,0.8850923622399935,120000.0,1.0,10.0,0,,0,25.0,25.0,-1,0.0,csv/inception-v3/,3000.0,10.0,inception-v3,none
0,25.0,-1,25.0,1e-05,-1,4,0,1,json/inception-v3_param_ps_assignment.json,10.0,-1,10,1,10.0,4,1.1460199884802067,120000.0,1.0,10.0,0,,0,25.0,25.0,-1,0.0,csv/inception-v3/,3000.0,10.0,inception-v3,none
0,25.0,-1,25.0,1e-05,-1,4,1,1,json/inception-v3_param_ps_assignment.json,10.0,-1,10,1,10.0,4,0.8850923622399935,120000.0,1.0,10.0,0,,0,25.0,25.0,-1,0.0,csv/inception-v3/,3000.0,10.0,inception-v3,none
0,25.0,-1,25.0,1e-05,-1,4,0,0,json/inception-v3_param_ps_assignment.json,10.0,-1,10,2,10.0,4,1.1455312486402067,120000.0,1.0,10.0,0,,0,25.0,25.0,-1,0.0,csv/inception-v3/,3000.0,10.0,inception-v3,none
0,25.0,-1,25.0,1e-05,-1,4,1,0,json/inception-v3_param_ps_assignment.json,10.0,-1,10,2,10.0,4,0.8850716838399932,120000.0,1.0,10.0,0,,0,25.0,25.0,-1,0.0,csv/inception-v3/,3000.0,10.0,inception-v3,none
0,25.0,-1,25.0,1e-05,-1,4,0,1,json/inception-v3_param_ps_assignment.json,10.0,-1,10,2,10.0,4,1.145541021440208,120000.0,1.0,10.0,0,,0,25.0,25.0,-1,0.0,csv/inception-v3/,3000.0,10.0,inception-v3,none
0,25.0,-1,25.0,1e-05,-1,4,1,1,json/inception-v3_param_ps_assignment.json,10.0,-1,10,2,10.0,4,0.8850716940799932,120000.0,1.0,10.0,0,,0,25.0,25.0,-1,0.0,csv/inception-v3/,3000.0,10.0,inception-v3,none
0,25.0,-1,25.0,1e-05,-1,4,0,0,json/inception-v3_param_ps_assignment.json,10.0,-1,10,4,10.0,4,0.9883525939200509,120000.0,1.0,10.0,0,,0,25.0,25.0,-1,0.0,csv/inception-v3/,3000.0,10.0,inception-v3,none
0,25.0,-1,25.0,1e-05,-1,4,1,0,json/inception-v3_param_ps_assignment.json,10.0,-1,10,4,10.0,4,0.8850714995199932,120000.0,1.0,10.0,0,,0,25.0,25.0,-1,0.0,csv/inception-v3/,3000.0,10.0,inception-v3,none
0,25.0,-1,25.0,1e-05,-1,4,0,1,json/inception-v3_param_ps_assignment.json,10.0,-1,10,4,10.0,4,0.9883524812800515,120000.0,1.0,10.0,0,,0,25.0,25.0,-1,0.0,csv/inception-v3/,3000.0,10.0,inception-v3,none
0,25.0,-1,25.0,1e-05,-1,4,1,1,json/inception-v3_param_ps_assignment.json,10.0,-1,10,4,10.0,4,0.8850714995199931,120000.0,1.0,10.0,0,,0,25.0,25.0,-1,0.0,csv/inception-v3/,3000.0,10.0,inception-v3,none
0,25.0,-1,25.0,1e-05,-1,4,0,0,json/inception-v3_param_ps_assignment.json,10.0,-1,10,8,10.0,4,0.899733135359991,120000.0,1.0,10.0,0,,0,25.0,25.0,-1,0.0,csv/inception-v3/,3000.0,10.0,inception-v3,none
0,25.0,-1,25.0,1e-05,-1,4,1,0,json/inception-v3_param_ps_assignment.json,10.0,-1,10,8,10.0,4,0.8850710284799933,120000.0,1.0,10.0,0,,0,25.0,25.0,-1,0.0,csv/inception-v3/,3000.0,10.0,inception-v3,none
0,25.0,-1,25.0,1e-05,-1,4,0,1,json/inception-v3_param_ps_assignment.json,10.0,-1,10,8,10.0,4,0.8983392806399911,120000.0,1.0,10.0,0,,0,25.0,25.0,-1,0.0,csv/inception-v3/,3000.0,10.0,inception-v3,none
0,25.0,-1,25.0,1e-05,-1,4,1,1,json/inception-v3_param_ps_assignment.json,10.0,-1,10,8,10.0,4,0.8850709465599932,120000.0,1.0,10.0,0,,0,25.0,25.0,-1,0.0,csv/inception-v3/,3000.0,10.0,inception-v3,none
0,25.0,-1,25.0,1e-05,-1,4,0,0,json/inception-v3_param_ps_assignment.json,10.0,-1,10,1,10.0,8,1.8899522764805288,120000.0,1.0,10.0,0,,0,25.0,25.0,-1,0.0,csv/inception-v3/,3000.0,10.0,inception-v3,none
0,25.0,-1,25.0,1e-05,-1,4,1,0,json/inception-v3_param_ps_assignment.json,10.0,-1,10,1,10.0,8,1.281092362239994,120000.0,1.0,10.0,0,,0,25.0,25.0,-1,0.0,csv/inception-v3/,3000.0,10.0,inception-v3,none
0,25.0,-1,25.0,1e-05,-1,4,0,1,json/inception-v3_param_ps_assignment.json,10.0,-1,10,1,10.0,8,1.8899521638405345,120000.0,1.0,10.0,0,,0,25.0,25.0,-1,0.0,csv/inception-v3/,3000.0,10.0,inception-v3,none
0,25.0,-1,25.0,1e-05,-1,4,1,1,json/inception-v3_param_ps_assignment.json,10.0,-1,10,1,10.0,8,1.2810923622399937,120000.0,1.0,10.0,0,,0,25.0,25.0,-1,0.0,csv/inception-v3/,3000.0,10.0,inception-v3,none
0,25.0,-1,25.0,1e-05,-1,4,0,0,json/inception-v3_param_ps_assignment.json,10.0,-1,10,2,10.0,8,1.888970536960546,120000.0,1.0,10.0,0,,0,25.0,25.0,-1,0.0,csv/inception-v3/,3000.0,10.0,inception-v3,none
0,25.0,-1,25.0,1e-05,-1,4,1,0,json/inception-v3_param_ps_assignment.json,10.0,-1,10,2,10.0,8,1.2810712230399937,120000.0,1.0,10.0,0,,0,25.0,25.0,-1,0.0,csv/inception-v3/,3000.0,10.0,inception-v3,none
0,25.0,-1,25.0,1e-05,-1,4,0,1,json/inception-v3_param_ps_assignment.json,10.0,-1,10,2,10.0,8,1.8889734246405465,120000.0,1.0,10.0,0,,0,25.0,25.0,-1,0.0,csv/inception-v3/,3000.0,10.0,inception-v3,none
0,25.0,-1,25.0,1e-05,-1,4,1,1,json/inception-v3_param_ps_assignment.json,10.0,-1,10,2,10.0,8,1.2810718681599937,120000.0,1.0,10.0,0,,0,25.0,25.0,-1,0.0,csv/inception-v3/,3000.0,10.0,inception-v3,none
0,25.0,-1,25.0,1e-05,-1,4,0,0,json/inception-v3_param_ps_assignment.json,10.0,-1,10,4,10.0,8,1.574615029760241,120000.0,1.0,10.0,0,,0,25.0,25.0,-1,0.0,csv/inception-v3/,3000.0,10.0,inception-v3,none
0,25.0,-1,25.0,1e-05,-1,4,1,0,json/inception-v3_param_ps_assignment.json,10.0,-1,10,4,10.0,8,1.2810718681599935,120000.0,1.0,10.0,0,,0,25.0,25.0,-1,0.0,csv/inception-v3/,3000.0,10.0,inception-v3,none
0,25.0,-1,25.0,1e-05,-1,4,0,0,json/inception-v3_param_ps_assignment.json,10.0,-1,10,1,10.0,2,0.903062890240035,120000.0,1.0,10.0,0,,0,25.0,25.0,-1,0.0,csv/inception-v3/,3000.0,10.0,inception-v3,none
0,25.0,-1,25.0,1e-05,-1,4,1,0,json/inception-v3_param_ps_assignment.json,10.0,-1,10,1,10.0,2,0.8160923622399934,120000.0,1.0,10.0,0,,0,25.0,25.0,-1,0.0,csv/inception-v3/,3000.0,10.0,inception-v3,none
0,25.0,-1,25.0,1e-05,-1,4,0,1,json/inception-v3_param_ps_assignment.json,10.0,-1,10,1,10.0,2,0.9030544179200348,120000.0,1.0,10.0,0,,0,25.0,25.0,-1,0.0,csv/inception-v3/,3000.0,10.0,inception-v3,none
0,25.0,-1,25.0,1e-05,-1,4,1,1,json/inception-v3_param_ps_assignment.json,10.0,-1,10,1,10.0,2,0.8160923622399932,120000.0,1.0,10.0,0,,0,25.0,25.0,-1,0.0,csv/inception-v3/,3000.0,10.0,inception-v3,none
0,25.0,-1,25.0,1e-05,-1,4,0,0,json/inception-v3_param_ps_assignment.json,10.0,-1,10,2,10.0,2,0.902810242560035,120000.0,1.0,10.0,0,,0,25.0,25.0,-1,0.0,csv/inception-v3/,3000.0,10.0,inception-v3,none
0,25.0,-1,25.0,1e-05,-1,4,1,0,json/inception-v3_param_ps_assignment.json,10.0,-1,10,2,10.0,2,0.8160713561599933,120000.0,1.0,10.0,0,,0,25.0,25.0,-1,0.0,csv/inception-v3/,3000.0,10.0,inception-v3,none
0,25.0,-1,25.0,1e-05,-1,4,0,1,json/inception-v3_param_ps_assignment.json,10.0,-1,10,2,10.0,2,0.902809689600036,120000.0,1.0,10.0,0,,0,25.0,25.0,-1,0.0,csv/inception-v3/,3000.0,10.0,inception-v3,none
0,25.0,-1,25.0,1e-05,-1,4,1,1,json/inception-v3_param_ps_assignment.json,10.0,-1,10,2,10.0,2,0.8160725350399932,120000.0,1.0,10.0,0,,0,25.0,25.0,-1,0.0,csv/inception-v3/,3000.0,10.0,inception-v3,none
0,25.0,-1,25.0,1e-05,-1,4,0,0,json/inception-v3_param_ps_assignment.json,10.0,-1,10,4,10.0,2,0.8242323878399918,120000.0,1.0,10.0,0,,0,25.0,25.0,-1,0.0,csv/inception-v3/,3000.0,10.0,inception-v3,none
0,25.0,-1,25.0,1e-05,-1,4,1,0,json/inception-v3_param_ps_assignment.json,10.0,-1,10,4,10.0,2,0.8160711308799933,120000.0,1.0,10.0,0,,0,25.0,25.0,-1,0.0,csv/inception-v3/,3000.0,10.0,inception-v3,none
0,25.0,-1,25.0,1e-05,-1,4,0,1,json/inception-v3_param_ps_assignment.json,10.0,-1,10,4,10.0,2,0.8242206694399917,120000.0,1.0,10.0,0,,0,25.0,25.0,-1,0.0,csv/inception-v3/,3000.0,10.0,inception-v3,none
0,25.0,-1,25.0,1e-05,-1,4,1,1,json/inception-v3_param_ps_assignment.json,10.0,-1,10,4,10.0,2,0.8160711308799932,120000.0,1.0,10.0,0,,0,25.0,25.0,-1,0.0,csv/inception-v3/,3000.0,10.0,inception-v3,none
0,25.0,-1,25.0,1e-05,-1,4,0,0,json/inception-v3_param_ps_assignment.json,10.0,-1,10,8,10.0,2,0.8180450726399928,120000.0,1.0,10.0,0,,0,25.0,25.0,-1,0.0,csv/inception-v3/,3000.0,10.0,inception-v3,none
0,25.0,-1,25.0,1e-05,-1,4,1,0,json/inception-v3_param_ps_assignment.json,10.0,-1,10,8,10.0,2,0.8160710489599932,120000.0,1.0,10.0,0,,0,25.0,25.0,-1,0.0,csv/inception-v3/,3000.0,10.0,inception-v3,none
0,25.0,-1,25.0,1e-05,-1,4,0,1,json/inception-v3_param_ps_assignment.json,10.0,-1,10,8,10.0,2,0.8160715814399931,120000.0,1.0,10.0,0,,0,25.0,25.0,-1,0.0,csv/inception-v3/,3000.0,10.0,inception-v3,none
0,25.0,-1,25.0,1e-05,-1,4,1,1,json/inception-v3_param_ps_assignment.json,10.0,-1,10,8,10.0,2,0.8160710284799931,120000.0,1.0,10.0,0,,0,25.0,25.0,-1,0.0,csv/inception-v3/,3000.0,10.0,inception-v3,none
0,25.0,-1,25.0,1e-05,-1,4,0,0,json/inception-v3_param_ps_assignment.json,10.0,-1,10,1,10.0,4,1.1460200089602057,120000.0,1.0,10.0,0,,0,25.0,25.0,-1,0.0,csv/inception-v3/,3000.0,10.0,inception-v3,none
0,25.0,-1,25.0,1e-05,-1,4,1,0,json/inception-v3_param_ps_assignment.json,10.0,-1,10,1,10.0,4,0.8850923622399933,120000.0,1.0,10.0,0,,0,25.0,25.0,-1,0.0,csv/inception-v3/,3000.0,10.0,inception-v3,none
0,25.0,-1,25.0,1e-05,-1,4,0,1,json/inception-v3_param_ps_assignment.json,10.0,-1,10,1,10.0,4,1.1460196198402075,120000.0,1.0,10.0,0,,0,25.0,25.0,-1,0.0,csv/inception-v3/,3000.0,10.0,inception-v3,none
0,25.0,-1,25.0,1e-05,-1,4,1,1,json/inception-v3_param_ps_assignment.json,10.0,-1,10,1,10.0,4,0.8850923622399933,120000.0,1.0,10.0,0,,0,25.0,25.0,-1,0.0,csv/inception-v3/,3000.0,10.0,inception-v3,none
0,25.0,-1,25.0,1e-05,-1,4,0,0,json/inception-v3_param_ps_assignment.json,10.0,-1,10,2,10.0,4,1.145530695680209,120000.0,1.0,10.0,0,,0,25.0,25.0,-1,0.0,csv/inception-v3/,3000.0,10.0,inception-v3,none
0,25.0,-1,25.0,1e-05,-1,4,1,0,json/inception-v3_param_ps_assignment.json,10.0,-1,10,2,10.0,4,0.8850711308799932,120000.0,1.0,10.0,0,,0,25.0,25.0,-1,0.0,csv/inception-v3/,3000.0,10.0,inception-v3,none
0,25.0,-1,25.0,1e-05,-1,4,0,1,json/inception-v3_param_ps_assignment.json,10.0,-1,10,2,10.0,4,1.1455307161602064,120000.0,1.0,10.0,0,,0,25.0,25.0,-1,0.0,csv/inception-v3/,3000.0,10.0,inception-v3,none
0,25.0,-1,25.0,1e-05,-1,4,1,1,json/inception-v3_param_ps_assignment.json,10.0,-1,10,2,10.0,4,0.885071683839993,120000.0,1.0,10.0,0,,0,25.0,25.0,-1,0.0,csv/inception-v3/,3000.0,10.0,inception-v3,none
0,25.0,-1,25.0,1e-05,-1,4,0,0,json/inception-v3_param_ps_assignment.json,10.0,-1,10,4,10.0,4,0.9830265382400456,120000.0,1.0,10.0,0,,0,25.0,25.0,-1,0.0,csv/inception-v3/,3000.0,10.0,inception-v3,none
0,25.0,-1,25.0,1e-05,-1,4,1,0,json/inception-v3_param_ps_assignment.json,10.0,-1,10,4,10.0,4,0.8850714995199932,120000.0,1.0,10.0,0,,0,25.0,25.0,-1,0.0,csv/inception-v3/,3000.0,10.0,inception-v3,none
0,25.0,-1,25.0,1e-05,-1,4,0,1,json/inception-v3_param_ps_assignment.json,10.0,-1,10,4,10.0,4,0.9875485222400517,120000.0,1.0,10.0,0,,0,25.0,25.0,-1,0.0,csv/inception-v3/,3000.0,10.0,inception-v3,none
0,25.0,-1,25.0,1e-05,-1,4,1,1,json/inception-v3_param_ps_assignment.json,10.0,-1,10,4,10.0,4,0.8850712230399933,120000.0,1.0,10.0,0,,0,25.0,25.0,-1,0.0,csv/inception-v3/,3000.0,10.0,inception-v3,none
0,25.0,-1,25.0,1e-05,-1,4,0,0,json/inception-v3_param_ps_assignment.json,10.0,-1,10,8,10.0,4,0.8997336268799909,120000.0,1.0,10.0,0,,0,25.0,25.0,-1,0.0,csv/inception-v3/,3000.0,10.0,inception-v3,none
0,25.0,-1,25.0,1e-05,-1,4,1,0,json/inception-v3_param_ps_assignment.json,10.0,-1,10,8,10.0,4,0.8850710284799932,120000.0,1.0,10.0,0,,0,25.0,25.0,-1,0.0,csv/inception-v3/,3000.0,10.0,inception-v3,none
0,25.0,-1,25.0,1e-05,-1,4,0,1,json/inception-v3_param_ps_assignment.json,10.0,-1,10,8,10.0,4,0.899754858239991,120000.0,1.0,10.0,0,,0,25.0,25.0,-1,0.0,csv/inception-v3/,3000.0,10.0,inception-v3,none
0,25.0,-1,25.0,1e-05,-1,4,1,1,json/inception-v3_param_ps_assignment.json,10.0,-1,10,8,10.0,4,0.8850710284799932,120000.0,1.0,10.0,0,,0,25.0,25.0,-1,0.0,csv/inception-v3/,3000.0,10.0,inception-v3,none
0,25.0,-1,25.0,1e-05,-1,4,0,0,json/inception-v3_param_ps_assignment.json,10.0,-1,10,1,10.0,8,1.8899519897605266,120000.0,1.0,10.0,0,,0,25.0,25.0,-1,0.0,csv/inception-v3/,3000.0,10.0,inception-v3,none
0,25.0,-1,25.0,1e-05,-1,4,1,0,json/inception-v3_param_ps_assignment.json,10.0,-1,10,1,10.0,8,1.2810923622399935,120000.0,1.0,10.0,0,,0,25.0,25.0,-1,0.0,csv/inception-v3/,3000.0,10.0,inception-v3,none
0,25.0,-1,25.0,1e-05,-1,4,0,1,json/inception-v3_param_ps_assignment.json,10.0,-1,10,1,10.0,8,1.8899500032005294,120000.0,1.0,10.0,0,,0,25.0,25.0,-1,0.0,csv/inception-v3/,3000.0,10.0,inception-v3,none
0,25.0,-1,25.0,1e-05,-1,4,1,1,json/inception-v3_param_ps_assignment.json,10.0,-1,10,1,10.0,8,1.2810923622399937,120000.0,1.0,10.0,0,,0,25.0,25.0,-1,0.0,csv/inception-v3/,3000.0,10.0,inception-v3,none
0,25.0,-1,25.0,1e-05,-1,4,0,0,json/inception-v3_param_ps_assignment.json,10.0,-1,10,2,10.0,8,1.8889740185605461,120000.0,1.0,10.0,0,,0,25.0,25.0,-1,0.0,csv/inception-v3/,3000.0,10.0,inception-v3,none
0,25.0,-1,25.0,1e-05,-1,4,1,0,json/inception-v3_param_ps_assignment.json,10.0,-1,10,2,10.0,8,1.2810729798399934,120000.0,1.0,10.0,0,,0,25.0,25.0,-1,0.0,csv/inception-v3/,3000.0,10.0,inception-v3,none
0,25.0,-1,25.0,1e-05,-1,4,0,1,json/inception-v3_param_ps_assignment.json,10.0,-1,10,2,10.0,8,1.888969922560547,120000.0,1.0,10.0,0,,0,25.0,25.0,-1,0.0,csv/inception-v3/,3000.0,10.0,inception-v3,none
0,25.0,-1,25.0,1e-05,-1,4,1,1,json/inception-v3_param_ps_assignment.json,10.0,-1,10,2,10.0,8,1.2810714995199937,120000.0,1.0,10.0,0,,0,25.0,25.0,-1,0.0,csv/inception-v3/,3000.0,10.0,inception-v3,none
0,25.0,-1,25.0,1e-05,-1,4,0,0,json/inception-v3_param_ps_assignment.json,10.0,-1,10,4,10.0,8,1.5746175692802393,120000.0,1.0,10.0,0,,0,25.0,25.0,-1,0.0,csv/inception-v3/,3000.0,10.0,inception-v3,none
0,25.0,-1,25.0,1e-05,-1,4,1,0,json/inception-v3_param_ps_assignment.json,10.0,-1,10,4,10.0,8,1.2810712025599935,120000.0,1.0,10.0,0,,0,25.0,25.0,-1,0.0,csv/inception-v3/,3000.0,10.0,inception-v3,none
0,25.0,-1,25.0,1e-05,-1,4,0,1,json/inception-v3_param_ps_assignment.json,10.0,-1,10,4,10.0,8,1.5746172416002397,120000.0,1.0,10.0,0,,0,25.0,25.0,-1,0.0,csv/inception-v3/,3000.0,10.0,inception-v3,none
0,25.0,-1,25.0,1e-05,-1,4,1,1,json/inception-v3_param_ps_assignment.json,10.0,-1,10,4,10.0,8,1.2810716838399936,120000.0,1.0,10.0,0,,0,25.0,25.0,-1,0.0,csv/inception-v3/,3000.0,10.0,inception-v3,none
0,25.0,-1,25.0,1e-05,-1,4,0,0,json/inception-v3_param_ps_assignment.json,5.0,-1,10,1,5.0,2,0.9109400102400195,120000.0,1.0,10.0,0,,0,25.0,25.0,-1,0.0,csv/inception-v3/,3000.0,10.0,inception-v3,none
0,25.0,-1,25.0,1e-05,-1,4,1,0,json/inception-v3_param_ps_assignment.json,5.0,-1,10,1,5.0,2,0.9030656550399869,120000.0,1.0,10.0,0,,0,25.0,25.0,-1,0.0,csv/inception-v3/,3000.0,10.0,inception-v3,none
0,25.0,-1,25.0,1e-05,-1,4,0,1,json/inception-v3_param_ps_assignment.json,5.0,-1,10,1,5.0,2,0.9109406246400229,120000.0,1.0,10.0,0,,0,25.0,25.0,-1,0.0,csv/inception-v3/,3000.0,10.0,inception-v3,none
0,25.0,-1,25.0,1e-05,-1,4,1,1,json/inception-v3_param_ps_assignment.json,5.0,-1,10,1,5.0,2,0.9030769190399865,120000.0,1.0,10.0,0,,0,25.0,25.0,-1,0.0,csv/inception-v3/,3000.0,10.0,inception-v3,none
0,25.0,-1,25.0,1e-05,-1,4,0,0,json/inception-v3_param_ps_assignment.json,5.0,-1,10,2,5.0,2,0.9110908326399784,120000.0,1.0,10.0,0,,0,25.0,25.0,-1,0.0,csv/inception-v3/,3000.0,10.0,inception-v3,none
0,25.0,-1,25.0,1e-05,-1,4,1,0,json/inception-v3_param_ps_assignment.json,5.0,-1,10,2,5.0,2,0.9030623135999866,120000.0,1.0,10.0,0,,0,25.0,25.0,-1,0.0,csv/inception-v3/,3000.0,10.0,inception-v3,none
0,25.0,-1,25.0,1e-05,-1,4,0,1,json/inception-v3_param_ps_assignment.json,5.0,-1,10,2,5.0,2,0.9106958758399852,120000.0,1.0,10.0,0,,0,25.0,25.0,-1,0.0,csv/inception-v3/,3000.0,10.0,inception-v3,none
0,25.0,-1,25.0,1e-05,-1,4,1,1,json/inception-v3_param_ps_assignment.json,5.0,-1,10,2,5.0,2,0.9030569164799865,120000.0,1.0,10.0,0,,0,25.0,25.0,-1,0.0,csv/inception-v3/,3000.0,10.0,inception-v3,none
0,25.0,-1,25.0,1e-05,-1,4,0,0,json/inception-v3_param_ps_assignment.json,5.0,-1,10,4,5.0,2,0.9033418150399862,120000.0,1.0,10.0,0,,0,25.0,25.0,-1,0.0,csv/inception-v3/,3000.0,10.0,inception-v3,none
0,25.0,-1,25.0,1e-05,-1,4,1,0,json/inception-v3_param_ps_assignment.json,5.0,-1,10,4,5.0,2,0.9030576537599863,120000.0,1.0,10.0,0,,0,25.0,25.0,-1,0.0,csv/inception-v3/,3000.0,10.0,inception-v3,none
0,25.0,-1,25.0,1e-05,-1,4,0,1,json/inception-v3_param_ps_assignment.json,5.0,-1,10,4,5.0,2,0.9030571007999864,120000.0,1.0,10.0,0,,0,25.0,25.0,-1,0.0,csv/inception-v3/,3000.0,10.0,inception-v3,none
0,25.0,-1,25.0,1e-05,-1,4,1,1,json/inception-v3_param_ps_assignment.json,5.0,-1,10,4,5.0,2,0.9030567321599864,120000.0,1.0,10.0,0,,0,25.0,25.0,-1,0.0,csv/inception-v3/,3000.0,10.0,inception-v3,none
0,25.0,-1,25.0,1e-05,-1,4,0,0,json/inception-v3_param_ps_assignment.json,5.0,-1,10,8,5.0,2,0.9030600102399864,120000.0,1.0,10.0,0,,0,25.0,25.0,-1,0.0,csv/inception-v3/,3000.0,10.0,inception-v3,none
0,25.0,-1,25.0,1e-05,-1,4,1,0,json/inception-v3_param_ps_assignment.json,5.0,-1,10,8,5.0,2,0.9030567321599864,120000.0,1.0,10.0,0,,0,25.0,25.0,-1,0.0,csv/inception-v3/,3000.0,10.0,inception-v3,none
0,25.0,-1,25.0,1e-05,-1,4,0,1,json/inception-v3_param_ps_assignment.json,5.0,-1,10,8,5.0,2,0.9030569164799863,120000.0,1.0,10.0,0,,0,25.0,25.0,-1,0.0,csv/inception-v3/,3000.0,10.0,inception-v3,none
0,25.0,-1,25.0,1e-05,-1,4,1,1,json/inception-v3_param_ps_assignment.json,5.0,-1,10,8,5.0,2,0.9030567321599864,120000.0,1.0,10.0,0,,0,25.0,25.0,-1,0.0,csv/inception-v3/,3000.0,10.0,inception-v3,none
0,25.0,-1,25.0,1e-05,-1,4,0,0,json/inception-v3_param_ps_assignment.json,5.0,-1,10,1,5.0,4,1.1460218112002034,120000.0,1.0,10.0,0,,0,25.0,25.0,-1,0.0,csv/inception-v3/,3000.0,10.0,inception-v3,none
0,25.0,-1,25.0,1e-05,-1,4,1,0,json/inception-v3_param_ps_assignment.json,5.0,-1,10,1,5.0,4,0.9720724646399871,120000.0,1.0,10.0,0,,0,25.0,25.0,-1,0.0,csv/inception-v3/,3000.0,10.0,inception-v3,none
0,25.0,-1,25.0,1e-05,-1,4,0,1,json/inception-v3_param_ps_assignment.json,5.0,-1,10,1,5.0,4,1.1460232652802034,120000.0,1.0,10.0,0,,0,25.0,25.0,-1,0.0,csv/inception-v3/,3000.0,10.0,inception-v3,none
0,25.0,-1,25.0,1e-05,-1,4,1,1,json/inception-v3_param_ps_assignment.json,5.0,-1,10,1,5.0,4,0.9720641926399869,120000.0,1.0,10.0,0,,0,25.0,25.0,-1,0.0,csv/inception-v3/,3000.0,10.0,inception-v3,none
0,25.0,-1,25.0,1e-05,-1,4,0,0,json/inception-v3_param_ps_assignment.json,5.0,-1,10,2,5.0,4,1.1455338700802062,120000.0,1.0,10.0,0,,0,25.0,25.0,-1,0.0,csv/inception-v3/,3000.0,10.0,inception-v3,none
0,25.0,-1,25.0,1e-05,-1,4,1,0,json/inception-v3_param_ps_assignment.json,5.0,-1,10,2,5.0,4,0.9720572851199863,120000.0,1.0,10.0,0,,0,25.0,25.0,-1,0.0,csv/inception-v3/,3000.0,10.0,inception-v3,none
0,25.0,-1,25.0,1e-05,-1,4,0,1,json/inception-v3_param_ps_assignment.json,5.0,-1,10,2,5.0,4,1.1455338700802087,120000.0,1.0,10.0,0,,0,25.0,25.0,-1,0.0,csv/inception-v3/,3000.0,10.0,inception-v3,none
0,25.0,-1,25.0,1e-05,-1,4,1,1,json/inception-v3_param_ps_assignment.json,5.0,-1,10,2,5.0,4,0.9720569164799866,120000.0,1.0,10.0,0,,0,25.0,25.0,-1,0.0,csv/inception-v3/,3000.0,10.0,inception-v3,none
0,25.0,-1,25.0,1e-05,-1,4,0,0,json/inception-v3_param_ps_assignment.json,5.0,-1,10,4,5.0,4,0.9883560140800516,120000.0,1.0,10.0,0,,0,25.0,25.0,-1,0.0,csv/inception-v3/,3000.0,10.0,inception-v3,none
0,25.0,-1,25.0,1e-05,-1,4,1,0,json/inception-v3_param_ps_assignment.json,5.0,-1,10,4,5.0,4,0.9720567321599862,120000.0,1.0,10.0,0,,0,25.0,25.0,-1,0.0,csv/inception-v3/,3000.0,10.0,inception-v3,none
0,25.0,-1,25.0,1e-05,-1,4,0,1,json/inception-v3_param_ps_assignment.json,5.0,-1,10,4,5.0,4,0.9892027942400513,120000.0,1.0,10.0,0,,0,25.0,25.0,-1,0.0,csv/inception-v3/,3000.0,10.0,inception-v3,none
0,25.0,-1,25.0,1e-05,-1,4,1,1,json/inception-v3_param_ps_assignment.json,5.0,-1,10,4,5.0,4,0.9720569164799866,120000.0,1.0,10.0,0,,0,25.0,25.0,-1,0.0,csv/inception-v3/,3000.0,10.0,inception-v3,none
0,25.0,-1,25.0,1e-05,-1,4,0,0,json/inception-v3_param_ps_assignment.json,5.0,-1,10,8,5.0,4,0.9731237414399861,120000.0,1.0,10.0,0,,0,25.0,25.0,-1,0.0,csv/inception-v3/,3000.0,10.0,inception-v3,none
0,25.0,-1,25.0,1e-05,-1,4,1,0,json/inception-v3_param_ps_assignment.json,5.0,-1,10,8,5.0,4,0.9720568140799865,120000.0,1.0,10.0,0,,0,25.0,25.0,-1,0.0,csv/inception-v3/,3000.0,10.0,inception-v3,none
0,25.0,-1,25.0,1e-05,-1,4,0,1,json/inception-v3_param_ps_assignment.json,5.0,-1,10,8,5.0,4,0.9720570393599863,120000.0,1.0,10.0,0,,0,25.0,25.0,-1,0.0,csv/inception-v3/,3000.0,10.0,inception-v3,none
0,25.0,-1,25.0,1e-05,-1,4,1,1,json/inception-v3_param_ps_assignment.json,5.0,-1,10,8,5.0,4,0.9720571007999863,120000.0,1.0,10.0,0,,0,25.0,25.0,-1,0.0,csv/inception-v3/,3000.0,10.0,inception-v3,none
0,25.0,-1,25.0,1e-05,-1,4,0,0,json/inception-v3_param_ps_assignment.json,5.0,-1,10,1,5.0,8,1.889953812480546,120000.0,1.0,10.0,0,,0,25.0,25.0,-1,0.0,csv/inception-v3/,3000.0,10.0,inception-v3,none
0,25.0,-1,25.0,1e-05,-1,4,1,0,json/inception-v3_param_ps_assignment.json,5.0,-1,10,1,5.0,8,1.3680571007999869,120000.0,1.0,10.0,0,,0,25.0,25.0,-1,0.0,csv/inception-v3/,3000.0,10.0,inception-v3,none
0,25.0,-1,25.0,1e-05,-1,4,0,1,json/inception-v3_param_ps_assignment.json,5.0,-1,10,1,5.0,8,1.8899547340805396,120000.0,1.0,10.0,0,,0,25.0,25.0,-1,0.0,csv/inception-v3/,3000.0,10.0,inception-v3,none
0,25.0,-1,25.0,1e-05,-1,4,1,1,json/inception-v3_param_ps_assignment.json,5.0,-1,10,1,5.0,8,1.368065399039987,120000.0,1.0,10.0,0,,0,25.0,25.0,-1,0.0,csv/inception-v3/,3000.0,10.0,inception-v3,none
0,25.0,-1,25.0,1e-05,-1,4,0,0,json/inception-v3_param_ps_assignment.json,5.0,-1,10,2,5.0,8,1.8889743872005527,120000.0,1.0,10.0,0,,0,25.0,25.0,-1,0.0,csv/inception-v3/,3000.0,10.0,inception-v3,none
0,25.0,-1,25.0,1e-05,-1,4,1,0,json/inception-v3_param_ps_assignment.json,5.0,-1,10,2,5.0,8,1.3680569164799867,120000.0,1.0,10.0,0,,0,25.0,25.0,-1,0.0,csv/inception-v3/,3000.0,10.0,inception-v3,none
0,25.0,-1,25.0,1e-05,-1,4,0,1,json/inception-v3_param_ps_assignment.json,5.0,-1,10,2,5.0,8,1.8889751244805533,120000.0,1.0,10.0,0,,0,25.0,25.0,-1,0.0,csv/inception-v3/,3000.0,10.0,inception-v3,none
0,25.0,-1,25.0,1e-05,-1,4,1,1,json/inception-v3_param_ps_assignment.json,5.0,-1,10,2,5.0,8,1.3680569164799867,120000.0,1.0,10.0,0,,0,25.0,25.0,-1,0.0,csv/inception-v3/,3000.0,10.0,inception-v3,none
0,25.0,-1,25.0,1e-05,-1,4,0,0,json/inception-v3_param_ps_assignment.json,5.0,-1,10,4,5.0,8,1.5746419750402416,120000.0,1.0,10.0,0,,0,25.0,25.0,-1,0.0,csv/inception-v3/,3000.0,10.0,inception-v3,none
0,25.0,-1,25.0,1e-05,-1,4,1,0,json/inception-v3_param_ps_assignment.json,5.0,-1,10,4,5.0,8,1.3680567321599868,120000.0,1.0,10.0,0,,0,25.0,25.0,-1,0.0,csv/inception-v3/,3000.0,10.0,inception-v3,none
0,25.0,-1,25.0,1e-05,-1,4,0,1,json/inception-v3_param_ps_assignment.json,5.0,-1,10,4,5.0,8,1.5703952422402372,120000.0,1.0,10.0,0,,0,25.0,25.0,-1,0.0,csv/inception-v3/,3000.0,10.0,inception-v3,none
0,25.0,-1,25.0,1e-05,-1,4,1,1,json/inception-v3_param_ps_assignment.json,5.0,-1,10,4,5.0,8,1.3680574694399867,120000.0,1.0,10.0,0,,0,25.0,25.0,-1,0.0,csv/inception-v3/,3000.0,10.0,inception-v3,none
0,25.0,-1,25.0,1e-05,-1,4,0,0,json/inception-v3_param_ps_assignment.json,5.0,-1,10,8,5.0,8,1.394571984640062,120000.0,1.0,10.0,0,,0,25.0,25.0,-1,0.0,csv/inception-v3/,3000.0,10.0,inception-v3,none
0,25.0,-1,25.0,1e-05,-1,4,1,0,json/inception-v3_param_ps_assignment.json,5.0,-1,10,8,5.0,8,1.3680567321599868,120000.0,1.0,10.0,0,,0,25.0,25.0,-1,0.0,csv/inception-v3/,3000.0,10.0,inception-v3,none
0,25.0,-1,25.0,1e-05,-1,4,0,1,json/inception-v3_param_ps_assignment.json,5.0,-1,10,8,5.0,8,1.3945719846400615,120000.0,1.0,10.0,0,,0,25.0,25.0,-1,0.0,csv/inception-v3/,3000.0,10.0,inception-v3,none
0,25.0,-1,25.0,1e-05,-1,4,1,1,json/inception-v3_param_ps_assignment.json,5.0,-1,10,8,5.0,8,1.368056814079987,120000.0,1.0,10.0,0,,0,25.0,25.0,-1,0.0,csv/inception-v3/,3000.0,10.0,inception-v3,none
0,25.0,-1,25.0,1e-05,-1,4,0,0,json/inception-v3_param_ps_assignment.json,5.0,-1,10,1,5.0,12,2.3681508262320237,120000.0,1.0,10.0,0,,0,25.0,25.0,-1,0.0,csv/inception-v3/,3000.0,10.0,inception-v3,none
0,25.0,-1,25.0,1e-05,-1,4,1,0,json/inception-v3_param_ps_assignment.json,5.0,-1,10,1,5.0,12,1.498323813116446,120000.0,1.0,10.0,0,,0,25.0,25.0,-1,0.0,csv/inception-v3/,3000.0,10.0,inception-v3,none
0,25.0,-1,25.0,1e-05,-1,4,0,1,json/inception-v3_param_ps_assignment.json,5.0,-1,10,1,5.0,12,2.28429327744048,120000.0,1.0,10.0,0,,0,25.0,25.0,-1,0.0,csv/inception-v3/,3000.0,10.0,inception-v3,none
0,25.0,-1,25.0,1e-05,-1,4,1,1,json/inception-v3_param_ps_assignment.json,5.0,-1,10,1,5.0,12,1.414059789439987,120000.0,1.0,10.0,0,,0,25.0,25.0,-1,0.0,csv/inception-v3/,3000.0,10.0,inception-v3,none
0,25.0,-1,25.0,1e-05,-1,4,0,0,json/inception-v3_param_ps_assignment.json,5.0,-1,10,2,5.0,12,2.3655218252720256,120000.0,1.0,10.0,0,,0,25.0,25.0,-1,0.0,csv/inception-v3/,3000.0,10.0,inception-v3,none
0,25.0,-1,25.0,1e-05,-1,4,1,0,json/inception-v3_param_ps_assignment.json,5.0,-1,10,2,5.0,12,1.497161615356466,120000.0,1.0,10.0,0,,0,25.0,25.0,-1,0.0,csv/inception-v3/,3000.0,10.0,inception-v3,none
0,25.0,-1,25.0,1e-05,-1,4,0,1,json/inception-v3_param_ps_assignment.json,5.0,-1,10,2,5.0,12,2.2824163788805056,120000.0,1.0,10.0,0,,0,25.0,25.0,-1,0.0,csv/inception-v3/,3000.0,10.0,inception-v3,none
0,25.0,-1,25.0,1e-05,-1,4,1,1,json/inception-v3_param_ps_assignment.json,5.0,-1,10,2,5.0,12,1.4140567321599868,120000.0,1.0,10.0,0,,0,25.0,25.0,-1,0.0,csv/inception-v3/,3000.0,10.0,inception-v3,none
0,25.0,-1,25.0,1e-05,-1,4,0,0,json/inception-v3_param_ps_assignment.json,5.0,-1,10,4,5.0,12,1.810884899840422,120000.0,1.0,10.0,0,,0,25.0,25.0,-1,0.0,csv/inception-v3/,3000.0,10.0,inception-v3,none
0,25.0,-1,25.0,1e-05,-1,4,1,0,json/inception-v3_param_ps_assignment.json,5.0,-1,10,4,5.0,12,1.4140576537599867,120000.0,1.0,10.0,0,,0,25.0,25.0,-1,0.0,csv/inception-v3/,3000.0,10.0,inception-v3,none
0,25.0,-1,25.0,1e-05,-1,4,0,1,json/inception-v3_param_ps_assignment.json,5.0,-1,10,4,5.0,12,1.8108812134404215,120000.0,1.0,10.0,0,,0,25.0,25.0,-1,0.0,csv/inception-v3/,3000.0,10.0,inception-v3,none
0,25.0,-1,25.0,1e-05,-1,4,1,1,json/inception-v3_param_ps_assignment.json,5.0,-1,10,4,5.0,12,1.414056916479987,120000.0,1.0,10.0,0,,0,25.0,25.0,-1,0.0,csv/inception-v3/,3000.0,10.0,inception-v3,none
0,25.0,-1,25.0,1e-05,-1,4,0,0,json/inception-v3_param_ps_assignment.json,5.0,-1,10,8,5.0,12,1.5463053094401684,120000.0,1.0,10.0,0,,0,25.0,25.0,-1,0.0,csv/inception-v3/,3000.0,10.0,inception-v3,none
0,25.0,-1,25.0,1e-05,-1,4,1,0,json/inception-v3_param_ps_assignment.json,5.0,-1,10,8,5.0,12,1.4140569983999869,120000.0,1.0,10.0,0,,0,25.0,25.0,-1,0.0,csv/inception-v3/,3000.0,10.0,inception-v3,none
0,25.0,-1,25.0,1e-05,-1,4,0,1,json/inception-v3_param_ps_assignment.json,5.0,-1,10,8,5.0,12,1.5450257868801658,120000.0,1.0,10.0,0,,0,25.0,25.0,-1,0.0,csv/inception-v3/,3000.0,10.0,inception-v3,none
0,25.0,-1,25.0,1e-05,-1,4,1,1,json/inception-v3_param_ps_assignment.json,5.0,-1,10,8,5.0,12,1.414056732159987,120000.0,1.0,10.0,0,,0,25.0,25.0,-1,0.0,csv/inception-v3/,3000.0,10.0,inception-v3,none
0,25.0,-1,25.0,1e-05,-1,4,0,0,json/inception-v3_param_ps_assignment.json,1.0,-1,10,1,1.0,2,3.7406081599979935,120000.0,1.0,1.0,0,,0,25.0,25.0,-1,0.0,csv/inception-v3/,3000.0,1.0,inception-v3,none
0,25.0,-1,25.0,1e-05,-1,4,1,0,json/inception-v3_param_ps_assignment.json,1.0,-1,10,1,1.0,2,2.8709028799986003,120000.0,1.0,1.0,0,,0,25.0,25.0,-1,0.0,csv/inception-v3/,3000.0,1.0,inception-v3,none
0,25.0,-1,25.0,1e-05,-1,4,0,1,json/inception-v3_param_ps_assignment.json,1.0,-1,10,1,1.0,2,3.0209825075188292,120000.0,1.0,1.0,0,,0,25.0,25.0,-1,0.0,csv/inception-v3/,3000.0,1.0,inception-v3,none
0,25.0,-1,25.0,1e-05,-1,4,1,1,json/inception-v3_param_ps_assignment.json,1.0,-1,10,1,1.0,2,2.151190271999139,120000.0,1.0,1.0,0,,0,25.0,25.0,-1,0.0,csv/inception-v3/,3000.0,1.0,inception-v3,none
0,25.0,-1,25.0,1e-05,-1,4,0,0,json/inception-v3_param_ps_assignment.json,1.0,-1,10,2,1.0,2,3.7364068198379945,120000.0,1.0,1.0,0,,0,25.0,25.0,-1,0.0,csv/inception-v3/,3000.0,1.0,inception-v3,none
0,25.0,-1,25.0,1e-05,-1,4,1,0,json/inception-v3_param_ps_assignment.json,1.0,-1,10,2,1.0,2,2.869025451518609,120000.0,1.0,1.0,0,,0,25.0,25.0,-1,0.0,csv/inception-v3/,3000.0,1.0,inception-v3,none
0,25.0,-1,25.0,1e-05,-1,4,0,1,json/inception-v3_param_ps_assignment.json,1.0,-1,10,2,1.0,2,3.0179132479988207,120000.0,1.0,1.0,0,,0,25.0,25.0,-1,0.0,csv/inception-v3/,3000.0,1.0,inception-v3,none
0,25.0,-1,25.0,1e-05,-1,4,1,1,json/inception-v3_param_ps_assignment.json,1.0,-1,10,2,1.0,2,2.1504068876791393,120000.0,1.0,1.0,0,,0,25.0,25.0,-1,0.0,csv/inception-v3/,3000.0,1.0,inception-v3,none
0,25.0,-1,25.0,1e-05,-1,4,0,0,json/inception-v3_param_ps_assignment.json,1.0,-1,10,4,1.0,2,2.4336889318390824,120000.0,1.0,1.0,0,,0,25.0,25.0,-1,0.0,csv/inception-v3/,3000.0,1.0,inception-v3,none
0,25.0,-1,25.0,1e-05,-1,4,1,0,json/inception-v3_param_ps_assignment.json,1.0,-1,10,4,1.0,2,2.352186603519076,120000.0,1.0,1.0,0,,0,25.0,25.0,-1,0.0,csv/inception-v3/,3000.0,1.0,inception-v3,none
0,25.0,-1,25.0,1e-05,-1,4,0,1,json/inception-v3_param_ps_assignment.json,1.0,-1,10,4,1.0,2,2.194010891519462,120000.0,1.0,1.0,0,,0,25.0,25.0,-1,0.0,csv/inception-v3/,3000.0,1.0,inception-v3,none
0,25.0,-1,25.0,1e-05,-1,4,1,1,json/inception-v3_param_ps_assignment.json,1.0,-1,10,4,1.0,2,2.112516427519457,120000.0,1.0,1.0,0,,0,25.0,25.0,-1,0.0,csv/inception-v3/,3000.0,1.0,inception-v3,none
0,25.0,-1,25.0,1e-05,-1,4,0,0,json/inception-v3_param_ps_assignment.json,1.0,-1,10,8,1.0,2,2.109173749759282,120000.0,1.0,1.0,0,,0,25.0,25.0,-1,0.0,csv/inception-v3/,3000.0,1.0,inception-v3,none
0,25.0,-1,25.0,1e-05,-1,4,1,0,json/inception-v3_param_ps_assignment.json,1.0,-1,10,8,1.0,2,2.109171537919282,120000.0,1.0,1.0,0,,0,25.0,25.0,-1,0.0,csv/inception-v3/,3000.0,1.0,inception-v3,none
0,25.0,-1,25.0,1e-05,-1,4,0,1,json/inception-v3_param_ps_assignment.json,1.0,-1,10,8,1.0,2,2.097103015679471,120000.0,1.0,1.0,0,,0,25.0,25.0,-1,0.0,csv/inception-v3/,3000.0,1.0,inception-v3,none
0,25.0,-1,25.0,1e-05,-1,4,1,1,json/inception-v3_param_ps_assignment.json,1.0,-1,10,8,1.0,2,2.0950172095994715,120000.0,1.0,1.0,0,,0,25.0,25.0,-1,0.0,csv/inception-v3/,3000.0,1.0,inception-v3,none
0,25.0,-1,25.0,1e-05,-1,4,0,0,json/inception-v3_param_ps_assignment.json,1.0,-1,10,1,1.0,4,7.129905731835115,120000.0,1.0,1.0,0,,0,25.0,25.0,-1,0.0,csv/inception-v3/,3000.0,1.0,inception-v3,none
0,25.0,-1,25.0,1e-05,-1,4,1,0,json/inception-v3_param_ps_assignment.json,1.0,-1,10,1,1.0,4,4.520543519997196,120000.0,1.0,1.0,0,,0,25.0,25.0,-1,0.0,csv/inception-v3/,3000.0,1.0,inception-v3,none
0,25.0,-1,25.0,1e-05,-1,4,0,1,json/inception-v3_param_ps_assignment.json,1.0,-1,10,1,1.0,4,4.8444170905574255,120000.0,1.0,1.0,0,,0,25.0,25.0,-1,0.0,csv/inception-v3/,3000.0,1.0,inception-v3,none
0,25.0,-1,25.0,1e-05,-1,4,1,1,json/inception-v3_param_ps_assignment.json,1.0,-1,10,1,1.0,4,2.2350782668792593,120000.0,1.0,1.0,0,,0,25.0,25.0,-1,0.0,csv/inception-v3/,3000.0,1.0,inception-v3,none
0,25.0,-1,25.0,1e-05,-1,4,0,0,json/inception-v3_param_ps_assignment.json,1.0,-1,10,2,1.0,4,7.121497731835132,120000.0,1.0,1.0,0,,0,25.0,25.0,-1,0.0,csv/inception-v3/,3000.0,1.0,inception-v3,none
0,25.0,-1,25.0,1e-05,-1,4,1,0,json/inception-v3_param_ps_assignment.json,1.0,-1,10,2,1.0,4,4.516903189757204,120000.0,1.0,1.0,0,,0,25.0,25.0,-1,0.0,csv/inception-v3/,3000.0,1.0,inception-v3,none
0,25.0,-1,25.0,1e-05,-1,4,0,1,json/inception-v3_param_ps_assignment.json,1.0,-1,10,2,1.0,4,4.83906115071743,120000.0,1.0,1.0,0,,0,25.0,25.0,-1,0.0,csv/inception-v3/,3000.0,1.0,inception-v3,none
0,25.0,-1,25.0,1e-05,-1,4,1,1,json/inception-v3_param_ps_assignment.json,1.0,-1,10,2,1.0,4,2.234469926399262,120000.0,1.0,1.0,0,,0,25.0,25.0,-1,0.0,csv/inception-v3/,3000.0,1.0,inception-v3,none
0,25.0,-1,25.0,1e-05,-1,4,0,0,json/inception-v3_param_ps_assignment.json,1.0,-1,10,4,1.0,4,4.114080415997708,120000.0,1.0,1.0,0,,0,25.0,25.0,-1,0.0,csv/inception-v3/,3000.0,1.0,inception-v3,none
0,25.0,-1,25.0,1e-05,-1,4,1,0,json/inception-v3_param_ps_assignment.json,1.0,-1,10,4,1.0,4,3.1094210316784405,120000.0,1.0,1.0,0,,0,25.0,25.0,-1,0.0,csv/inception-v3/,3000.0,1.0,inception-v3,none
0,25.0,-1,25.0,1e-05,-1,4,0,1,json/inception-v3_param_ps_assignment.json,1.0,-1,10,4,1.0,4,3.221944583678707,120000.0,1.0,1.0,0,,0,25.0,25.0,-1,0.0,csv/inception-v3/,3000.0,1.0,inception-v3,none
0,25.0,-1,25.0,1e-05,-1,4,1,1,json/inception-v3_param_ps_assignment.json,1.0,-1,10,4,1.0,4,2.1984352435194547,120000.0,1.0,1.0,0,,0,25.0,25.0,-1,0.0,csv/inception-v3/,3000.0,1.0,inception-v3,none
0,25.0,-1,25.0,1e-05,-1,4,0,0,json/inception-v3_param_ps_assignment.json,1.0,-1,10,8,1.0,4,2.4958297638390867,120000.0,1.0,1.0,0,,0,25.0,25.0,-1,0.0,csv/inception-v3/,3000.0,1.0,inception-v3,none
0,25.0,-1,25.0,1e-05,-1,4,1,0,json/inception-v3_param_ps_assignment.json,1.0,-1,10,8,1.0,4,2.349209411839089,120000.0,1.0,1.0,0,,0,25.0,25.0,-1,0.0,csv/inception-v3/,3000.0,1.0,inception-v3,none
0,25.0,-1,25.0,1e-05,-1,4,0,1,json/inception-v3_param_ps_assignment.json,1.0,-1,10,8,1.0,4,2.3302084351994643,120000.0,1.0,1.0,0,,0,25.0,25.0,-1,0.0,csv/inception-v3/,3000.0,1.0,inception-v3,none
0,25.0,-1,25.0,1e-05,-1,4,1,1,json/inception-v3_param_ps_assignment.json,1.0,-1,10,8,1.0,4,2.1835902335994684,120000.0,1.0,1.0,0,,0,25.0,25.0,-1,0.0,csv/inception-v3/,3000.0,1.0,inception-v3,none
0,25.0,-1,25.0,1e-05,-1,4,0,0,json/inception-v3_param_ps_assignment.json,1.0,-1,10,1,1.0,8,14.081857754914202,120000.0,1.0,1.0,0,,0,25.0,25.0,-1,0.0,csv/inception-v3/,3000.0,1.0,inception-v3,none
0,25.0,-1,25.0,1e-05,-1,4,1,0,json/inception-v3_param_ps_assignment.json,1.0,-1,10,1,1.0,8,7.993187039994314,120000.0,1.0,1.0,0,,0,25.0,25.0,-1,0.0,csv/inception-v3/,3000.0,1.0,inception-v3,none
0,25.0,-1,25.0,1e-05,-1,4,0,1,json/inception-v3_param_ps_assignment.json,1.0,-1,10,1,1.0,8,8.72157292671961,120000.0,1.0,1.0,0,,0,25.0,25.0,-1,0.0,csv/inception-v3/,3000.0,1.0,inception-v3,none
0,25.0,-1,25.0,1e-05,-1,4,1,1,json/inception-v3_param_ps_assignment.json,1.0,-1,10,1,1.0,8,2.6329011468791226,120000.0,1.0,1.0,0,,0,25.0,25.0,-1,0.0,csv/inception-v3/,3000.0,1.0,inception-v3,none
0,25.0,-1,25.0,1e-05,-1,4,0,0,json/inception-v3_param_ps_assignment.json,1.0,-1,10,2,1.0,8,14.064487153953744,120000.0,1.0,1.0,0,,0,25.0,25.0,-1,0.0,csv/inception-v3/,3000.0,1.0,inception-v3,none
0,25.0,-1,25.0,1e-05,-1,4,1,0,json/inception-v3_param_ps_assignment.json,1.0,-1,10,2,1.0,8,7.985475359994265,120000.0,1.0,1.0,0,,0,25.0,25.0,-1,0.0,csv/inception-v3/,3000.0,1.0,inception-v3,none
0,25.0,-1,25.0,1e-05,-1,4,0,1,json/inception-v3_param_ps_assignment.json,1.0,-1,10,2,1.0,8,8.711250310399572,120000.0,1.0,1.0,0,,0,25.0,25.0,-1,0.0,csv/inception-v3/,3000.0,1.0,inception-v3,none
0,25.0,-1,25.0,1e-05,-1,4,1,1,json/inception-v3_param_ps_assignment.json,1.0,-1,10,2,1.0,8,2.6322250585591256,120000.0,1.0,1.0,0,,0,25.0,25.0,-1,0.0,csv/inception-v3/,3000.0,1.0,inception-v3,none
0,25.0,-1,25.0,1e-05,-1,4,0,0,json/inception-v3_param_ps_assignment.json,1.0,-1,10,4,1.0,8,7.8816784959945565,120000.0,1.0,1.0,0,,0,25.0,25.0,-1,0.0,csv/inception-v3/,3000.0,1.0,inception-v3,none
0,25.0,-1,25.0,1e-05,-1,4,1,0,json/inception-v3_param_ps_assignment.json,1.0,-1,10,4,1.0,8,5.006116579836831,120000.0,1.0,1.0,0,,0,25.0,25.0,-1,0.0,csv/inception-v3/,3000.0,1.0,inception-v3,none
0,25.0,-1,25.0,1e-05,-1,4,0,1,json/inception-v3_param_ps_assignment.json,1.0,-1,10,4,1.0,8,5.449925633276991,120000.0,1.0,1.0,0,,0,25.0,25.0,-1,0.0,csv/inception-v3/,3000.0,1.0,inception-v3,none
0,25.0,-1,25.0,1e-05,-1,4,1,1,json/inception-v3_param_ps_assignment.json,1.0,-1,10,4,1.0,8,2.5144695231993848,120000.0,1.0,1.0,0,,0,25.0,25.0,-1,0.0,csv/inception-v3/,3000.0,1.0,inception-v3,none
0,25.0,-1,25.0,1e-05,-1,4,0,0,json/inception-v3_param_ps_assignment.json,1.0,-1,10,8,1.0,8,4.395508383997485,120000.0,1.0,1.0,0,,0,25.0,25.0,-1,0.0,csv/inception-v3/,3000.0,1.0,inception-v3,none
0,25.0,-1,25.0,1e-05,-1,4,1,0,json/inception-v3_param_ps_assignment.json,1.0,-1,10,8,1.0,8,3.23485061375833,120000.0,1.0,1.0,0,,0,25.0,25.0,-1,0.0,csv/inception-v3/,3000.0,1.0,inception-v3,none
0,25.0,-1,25.0,1e-05,-1,4,0,1,json/inception-v3_param_ps_assignment.json,1.0,-1,10,8,1.0,8,3.5527323276786262,120000.0,1.0,1.0,0,,0,25.0,25.0,-1,0.0,csv/inception-v3/,3000.0,1.0,inception-v3,none
0,25.0,-1,25.0,1e-05,-1,4,1,1,json/inception-v3_param_ps_assignment.json,1.0,-1,10,8,1.0,8,2.4996241855993984,120000.0,1.0,1.0,0,,0,25.0,25.0,-1,0.0,csv/inception-v3/,3000.0,1.0,inception-v3,none
0,25.0,-1,25.0,1e-05,-1,4,0,0,json/inception-v3_param_ps_assignment.json,1.0,-1,10,1,1.0,12,21.14854949120284,120000.0,1.0,1.0,0,,0,25.0,25.0,-1,0.0,csv/inception-v3/,3000.0,1.0,inception-v3,none
0,25.0,-1,25.0,1e-05,-1,4,1,0,json/inception-v3_param_ps_assignment.json,1.0,-1,10,1,1.0,12,11.580677056017619,120000.0,1.0,1.0,0,,0,25.0,25.0,-1,0.0,csv/inception-v3/,3000.0,1.0,inception-v3,none
0,25.0,-1,25.0,1e-05,-1,4,0,1,json/inception-v3_param_ps_assignment.json,1.0,-1,10,1,1.0,12,12.24511306881503,120000.0,1.0,1.0,0,,0,25.0,25.0,-1,0.0,csv/inception-v3/,3000.0,1.0,inception-v3,none
0,25.0,-1,25.0,1e-05,-1,4,1,1,json/inception-v3_param_ps_assignment.json,1.0,-1,10,1,1.0,12,2.6771102988792617,120000.0,1.0,1.0,0,,0,25.0,25.0,-1,0.0,csv/inception-v3/,3000.0,1.0,inception-v3,none
0,25.0,-1,25.0,1e-05,-1,4,0,0,json/inception-v3_param_ps_assignment.json,1.0,-1,10,2,1.0,12,21.122088103682536,120000.0,1.0,1.0,0,,0,25.0,25.0,-1,0.0,csv/inception-v3/,3000.0,1.0,inception-v3,none
0,25.0,-1,25.0,1e-05,-1,4,1,0,json/inception-v3_param_ps_assignment.json,1.0,-1,10,2,1.0,12,11.56864373377732,120000.0,1.0,1.0,0,,0,25.0,25.0,-1,0.0,csv/inception-v3/,3000.0,1.0,inception-v3,none
0,25.0,-1,25.0,1e-05,-1,4,0,1,json/inception-v3_param_ps_assignment.json,1.0,-1,10,2,1.0,12,12.229924414734494,120000.0,1.0,1.0,0,,0,25.0,25.0,-1,0.0,csv/inception-v3/,3000.0,1.0,inception-v3,none
0,25.0,-1,25.0,1e-05,-1,4,1,1,json/inception-v3_param_ps_assignment.json,1.0,-1,10,2,1.0,12,2.676477382399263,120000.0,1.0,1.0,0,,0,25.0,25.0,-1,0.0,csv/inception-v3/,3000.0,1.0,inception-v3,none
0,25.0,-1,25.0,1e-05,-1,4,0,0,json/inception-v3_param_ps_assignment.json,1.0,-1,10,4,1.0,12,11.743219847698787,120000.0,1.0,1.0,0,,0,25.0,25.0,-1,0.0,csv/inception-v3/,3000.0,1.0,inception-v3,none
0,25.0,-1,25.0,1e-05,-1,4,1,0,json/inception-v3_param_ps_assignment.json,1.0,-1,10,4,1.0,12,6.905213763835229,120000.0,1.0,1.0,0,,0,25.0,25.0,-1,0.0,csv/inception-v3/,3000.0,1.0,inception-v3,none
0,25.0,-1,25.0,1e-05,-1,4,0,1,json/inception-v3_param_ps_assignment.json,1.0,-1,10,4,1.0,12,7.478712487675498,120000.0,1.0,1.0,0,,0,25.0,25.0,-1,0.0,csv/inception-v3/,3000.0,1.0,inception-v3,none
0,25.0,-1,25.0,1e-05,-1,4,1,1,json/inception-v3_param_ps_assignment.json,1.0,-1,10,4,1.0,12,2.6404661695994553,120000.0,1.0,1.0,0,,0,25.0,25.0,-1,0.0,csv/inception-v3/,3000.0,1.0,inception-v3,none
0,25.0,-1,25.0,1e-05,-1,4,0,0,json/inception-v3_param_ps_assignment.json,1.0,-1,10,8,1.0,12,6.358326175995773,120000.0,1.0,1.0,0,,0,25.0,25.0,-1,0.0,csv/inception-v3/,3000.0,1.0,inception-v3,none
0,25.0,-1,25.0,1e-05,-1,4,1,0,json/inception-v3_param_ps_assignment.json,1.0,-1,10,8,1.0,12,4.248055660797474,120000.0,1.0,1.0,0,,0,25.0,25.0,-1,0.0,csv/inception-v3/,3000.0,1.0,inception-v3,none
0,25.0,-1,25.0,1e-05,-1,4,0,1,json/inception-v3_param_ps_assignment.json,1.0,-1,10,8,1.0,12,4.802486027517732,120000.0,1.0,1.0,0,,0,25.0,25.0,-1,0.0,csv/inception-v3/,3000.0,1.0,inception-v3,none
0,25.0,-1,25.0,1e-05,-1,4,1,1,json/inception-v3_param_ps_assignment.json,1.0,-1,10,8,1.0,12,2.6229691635194707,120000.0,1.0,1.0,0,,0,25.0,25.0,-1,0.0,csv/inception-v3/,3000.0,1.0,inception-v3,none
